
<?xml version="1.0"?>
<matrix>
    <item>
 	<title>Editorial</title>
	    <item>
	 	<title>[MATRiX]#3 zine</title>
		<author>[MATRiX]</author>		
	 	<file>Editorial/MTX-3.100</file>
	    </item>
	    <item>
	 	<title>Greetings</title>
		<author>[MATRiX]</author>		
	 	<file>Editorial/MTX-3.101</file>
	    </item>
	    <item>
	 	<title>Membership</title>
		<author>[MATRiX]</author>		
	 	<file>Editorial/MTX-3.102</file>
	    </item>
	    <item>
	 	<title>Sabia victim mail</title>
		<author>Delly[MATRiX]</author>		
	 	<file>Editorial/MTX-3.103</file>
	    </item>
	    <item>
	 	<title>BAT in wild</title>
		<author>AVP TeAm</author>		
	 	<file>Editorial/MTX-3.104</file>
	    </item>
    </item>
    <item>
 	<title>Interviews</title>
	    <item>
	 	<title>Interview with Black Jack</title>
		<author>ULTRAS[MATRiX]</author>		
	 	<file>interviews/MTX-3.000</file>
	    </item>
	    <item>
	 	<title>Interview with BumbleBee</title>
		<author>ULTRAS[MATRiX]</author>		
	 	<file>interviews/MTX-3.001</file>
	    </item>
	    <item>
	 	<title>Interview with HenKy</title>
		<author>ULTRAS[MATRiX]</author>		
	 	<file>interviews/MTX-3.002</file>
	    </item>
	    <item>
	 	<title>Interview with Mandragore</title>
		<author>ULTRAS[MATRiX]</author>		
	 	<file>interviews/MTX-3.003</file>
	    </item>
	    <item>
	 	<title>Interview with Stormbringer</title>
		<author>T2000/IR</author>		
	 	<file>interviews/MTX-3.004</file>
	    </item>
	    <item>
	 	<title>Interview with Lord Julus</title>
		<author>ULTRAS[MATRiX]</author>		
	 	<file>interviews/MTX-3.005</file>
	    </item>
	    <item>
	 	<title>Interview with Ratter/29a</title>
		<author>T2000/IR</author>		
	 	<file>interviews/MTX-3.006</file>
	    </item>
	    <item>
	 	<title>Interview with CYPH3R</title>
		<author>Del_Armg0[MATRiX]</author>		
	 	<file>interviews/MTX-3.007</file>
	    </item>
	    <item>
	 	<title>Interview with Yello</title>
		<author>Del_Armg0[MATRiX]</author>		
	 	<file>interviews/MTX-3.008</file>
	    </item>
    </item>

    <item>
 	<title>Articles</title>
	    <item>
	 	<title>Automated Reverse Engineering : MistFall Engine</title>
		<author>Z0MBiE</author>
	 	<file>articles/MTX-3.200</file>
	    </item>
	    <item>
	 	<title>Using Anti-Virus in Virus</title>
	 	<file>articles/MTX-3.201</file>
		<author>NBK[MATRiX]</author>
	    </item>
	    <item>
	 	<title>Debugger Detected</title>
		<author>ULTRAS[MATRiX]</author>
	 	<file>articles/MTX-3.204</file>
	    </item>
	    <item>
	 	<title>Blocks access to AV sites</title>
	 	<file>articles/MTX-3.202</file>
		<author>T2000/IR</author>
	    </item>
	    <item>
	 	<title>Cdrom inefction</title>
		<author>ULTRAS[MATRiX]</author>
	 	<file>articles/MTX-3.203</file>
	    </item>
	    <item>
	 	<title>Deep Rooting</title>
	 	<file>articles/MTX-3.205</file>
		<author>Del_Armg0[MATRiX]</author>
	    </item>
	    <item>
	 	<title>Hiding Entry-Point</title>
		<author>NBK[MATRiX]</author>
	 	<file>articles/MTX-3.206</file>
	    </item>
	    <item>
	 	<title>Import game</title>
		<author>mort[MATRiX]</author>
	 	<file>articles/MTX-3.207</file>
	    </item>
	    <item>
	 	<title>Updating through irc</title>
		<author>LifeWire/IkX</author>
	 	<file>articles/MTX-3.208</file>
	    </item>
	    <item>
	 	<title>Linux Worms</title>
		<author>SnakeByte[MATRiX]</author>
	 	<file>articles/MTX-3.209</file>
	    </item>
	    <item>
	 	<title>IPC - InterProcess Communications</title>
		<author>ULTRAS [MATRiX]</author>
	 	<file>articles/MTX-3.210</file>
	    </item>
	    <item>
	 	<title>MAKE-viruses</title>
		<author>Gobleen Warrior/SMF</author>
	 	<file>articles/MTX-3.211</file>
	    </item>
	    <item>
	 	<title>MetaVirizm</title>
		<author>ULTRAS[MATRiX]</author>
	 	<file>articles/MTX-3.212</file>
	    </item>
	    <item>
	 	<title>Win32TipzTricz</title>
		<author>ULTRAS[MATRiX]</author>
	 	<file>articles/MTX-3.213</file>
	    </item>
	    <item>
	 	<title>Polymorphism in VBA/VBS virii</title>
		<author>SMOOTHiE[Zer0Gravity]</author>
	 	<file>articles/MTX-3.214</file>
	    </item>
	    <item>
	 	<title>Dynamics of Self-replicating code behavior</title>
		<author>ANAkTOS[MATRiX]</author>
	 	<file>articles/MTX-3.215</file>
	    </item>
	    <item>
	 	<title>Kernel API tutorial</title>
		<author>Cell[MATRiX]</author>
	 	<file>articles/MTX-3.216</file>
	    </item>
	    <item>
	 	<title>Formulas for Random Number Generators</title>
		<author>The Mental Driller/29A</author>
	 	<file>articles/MTX-3.217</file>
	    </item>
	    </item>
 <item>
 	<title>Tools</title>
	    <item>
	 	<title>Pointbat Compression Engine</title>
		<author>pointbat[MATRiX]</author>
	 	<file>tools/MTX-3.430</file>
	    </item>
	    <item>
	 	<title>Schadenfreude</title>
		<author>Vecna</author>		
	 	<file>tools/MTX-3.431</file>
	    </item>
	    <item>
	 	<title>Deviator's Morphing Engine</title>
		<author>Deviator[MATRiX]</author>		
	 	<file>tools/MTX-3.432</file>
	    </item>
	    <item>
	 	<title>MATRiX#2 Demo</title>
		<author>Z0MBiE</author>		
	 	<file>tools/MTX-3.433</file>
	    </item>
	    <item>
	 	<title>Ultra Lempel-Ziv</title>
		<author>ULTRAS[MATRiX]</author>		
	 	<file>tools/MTX-3.434</file>
	    </item>
	    </item>

    <item>
 	<title>Viruses</title>
		<item>
                     <title>Win32</title>
	    <item>
	 	<title>Win95.Tecata</title>
		<author>ShiTz0r</author>		
	 	<file>viruses/MTX-3.301</file>
	    </item>
	    <item>
	 	<title>Win32.ZMist.c</title>
		<author>Z0MBiE</author>		
	 	<file>viruses/MTX-3.337</file>
	    </item>
	    <item>
	 	<title>Win95.WinMulti</title>
		<author>DjSad</author>		
	 	<file>viruses/MTX-3.307</file>
	    </item>
	    <item>
	 	<title>Win32.Simple</title>
		<author>DjSad</author>		
	 	<file>viruses/MTX-3.308</file>
	    </item>
	    <item>
	 	<title>Win32.Life</title>
		<author>mort[MATRiX]</author>
	 	<file>viruses/MTX-3.309</file>
	    </item>
	    <item>
	 	<title>Win32.Silencer</title>
		<author>Deviator[HAZARD]</author>		
	 	<file>viruses/MTX-3.310</file>
	    </item>
	    <item>
	 	<title>Win32.Kaido</title>
		<author>HenKy</author>		
	 	<file>viruses/MTX-3.311</file>
	    </item>
	    <item>
	 	<title>I-Worm.Poetry</title>
		<author>ANAkTOS[MATRiX]</author>		
	 	<file>viruses/MTX-3.303</file>
	    </item>
	    <item>
	 	<title>Win32.Sadorom</title>
		<author>HenKy</author>		
	 	<file>viruses/MTX-3.305</file>
	    </item>
	    <item>
	 	<title>Win32.Totenkopf</title>
		<author>ShiTz0r</author>		
	 	<file>viruses/MTX-3.306</file>
	    </item>
	    <item>
	 	<title>Win.Tentacle diss</title>
		<author>Black Jack</author>		
	 	<file>viruses/MTX-3.320</file>
	    </item>
	    <item>
	 	<title>Win32.Kuto</title>
		<author>Juan Tamad</author>		
	 	<file>viruses/MTX-3.321</file>
	    </item>
	    <item>
	 	<title>Win32.Sin</title>
		<author>ULTRAS[MATRiX]</author>		
	 	<file>viruses/MTX-3.322</file>
	    </item>
	    <item>
	 	<title>Win95.Kante</title>
		<author>BlackJack</author>		
	 	<file>viruses/MTX-3.323</file>
	    </item>
    		<item>
	 	<title>Win32.Ikarus</title>
		<author>BlackJack</author>		
	 	<file>viruses/MTX-3.317</file>
	    </item>
	    <item>
	 	<title>Win32.Cell</title>
		<author>Cell</author>		
	 	<file>viruses/MTX-3.318</file>
	    </item>
	    <item>
	 	<title>Win95.Crucifax</title>
		<author>HenKy</author>		
	 	<file>viruses/MTX-3.319</file>
	    </item>
	    <item>
	 	<title>Win32.Insane</title>
		<author>Deviator[HAZARD]</author>		
	 	<file>viruses/MTX-3.327</file>
	    </item>
	    <item>
	 	<title>Win32.Yonggary!</title>
		<author>Bumblebee</author>		
	 	<file>viruses/MTX-3.328</file>
	    </item>
	    <item>
	 	<title>Win95.Integrator</title>
		<author>Gobleen Warrior[SMF]</author>		
	 	<file>viruses/MTX-3.329</file>
	    </item>
	    <item>
	 	<title>DOC6 infector</title>
		<author>Vecna</author>		
	 	<file>viruses/MTX-3.325</file>
	    </item>
	    <item>
	 	<title>DaCryptic</title>
		<author>Cryptic_</author>		
	 	<file>viruses/MTX-3.333</file>
	    </item>
   		 </item>
		<item>
                     <title>DOS</title>
	    <item>
	 	<title>TXTVir</title>
		<author>DjSad</author>		
	 	<file>viruses/MTX-3.302</file>
	    </item>
	    <item>
	 	<title>XmsVirus</title>
		<author>DjSad</author>		
	 	<file>viruses/MTX-3.304</file>
	    </item>
	    <item>
	 	<title>ArchiverX</title>
		<author>DjSad</author>		
	 	<file>viruses/MTX-3.312</file>
	    </item>
	    <item>
	 	<title>HaVirus</title>
		<author>DjSad</author>		
	 	<file>viruses/MTX-3.313</file>
	    </item>
	    <item>
	 	<title>Invert</title>
		<author>DjSad</author>		
	 	<file>viruses/MTX-3.315</file>
	    </item>
	    <item>
	 	<title>Vlasov</title>
		<author>DjSad</author>		
	 	<file>viruses/MTX-3.326</file>
	    </item>
    	    </item>

	   <item>
                 <title>Script</title>

	    <item>
	 	<title>VBS.Hatred</title>
		<author>Gobleen Warrior/SMF</author>		
	 	<file>viruses/MTX-3.334</file>
	    </item>
	    <item>
	 	<title>JS.3Nokia</title>
		<author>Yello</author>		
	 	<file>viruses/MTX-3.335</file>
	    </item>
	    <item>
	 	<title>I-Worm.Dawn</title>
		<author>T2[IR]</author>		
	 	<file>viruses/MTX-3.330</file>
	    </item>
	    <item>
	 	<title>Celine</title>
		<author>Del_Armg0[MATRiX]</author>		
	 	<file>viruses/MTX-3.331</file>
	    </item>
	    <item>
	 	<title>VBS.SuperFlous</title>
		<author>Gobleen Warrior/SMF</author>
	 	<file>viruses/MTX-3.332</file>
	    </item>
		</item>

   	    <item>
                 <title>Macro</title>
	    <item>
	 	<title>XP.Kallisti</title>
		<author>jackie / linezer0</author>		
	 	<file>viruses/MTX-3.336</file>
	    </item>
	    <item>
	 	<title>WM97.Nihilit</title>
		<author>Necronomikon [ShadowVX]</author>		
	 	<file>viruses/MTX-3.314</file>
	    </item>
	    <item>
	 	<title>XP.tijor</title>
		<author>ULTRAS[MATRiX]</author>		
	 	<file>viruses/MTX-3.316</file>
	    </item>
	    <item>
	 	<title>XP.FirstLife</title>
		<author>ULTRAS[MATRiX]</author>
	 	<file>viruses/MTX-3.324</file>
    </item>
    	</item>
    </item>

</matrix>