<formalpara>
  <title>Command: &config.PRE;/segment_padding/readelf.sh</title>
  <para>
    <programlisting><inlinemediaobject><imageobject><imagedata
      format="linespecific"
      fileref="../../&config.PRE;/segment_padding/readelf.sh"
    /></imageobject></inlinemediaobject></programlisting>
  </para>
</formalpara>

<formalpara>
  <title>Output: &config.OUT;/segment_padding/readelf</title>
  <para>
    <programlisting><inlinemediaobject><imageobject><imagedata
      format="linespecific"
      fileref="../../&config.OUT;/segment_padding/readelf"
    /></imageobject></inlinemediaobject></programlisting>
  </para>
</formalpara>
