<formalpara>
  <title>Data: src/format.hex</title>
  <para>
    <programlisting><inlinemediaobject><imageobject><imagedata
      format="linespecific"
      fileref="../../src/format.hex"
    /></imageobject></inlinemediaobject></programlisting>
  </para>
</formalpara>
<formalpara>
  <title>Source: &config.PRE;/magic_elf/hexdump.sh</title>
  <para>
    <programlisting><inlinemediaobject><imageobject><imagedata
      format="linespecific"
      fileref="../../&config.PRE;/magic_elf/hexdump.sh"
    /></imageobject></inlinemediaobject></programlisting>
  </para>
</formalpara>
<formalpara>
  <title>Output: &config.OUT;/magic_elf/hexdump</title>
  <para>
    <programlisting><inlinemediaobject><imageobject><imagedata
      format="linespecific"
      fileref="../../&config.OUT;/magic_elf/hexdump"
    /></imageobject></inlinemediaobject></programlisting>
  </para>
</formalpara>
