<formalpara>
  <title>Source: &config.PRE;/magic_elf/xxd.sh</title>
  <para>
    <programlisting><inlinemediaobject><imageobject><imagedata
      format="linespecific"
      fileref="../../&config.PRE;/magic_elf/xxd.sh"
    /></imageobject></inlinemediaobject></programlisting>
  </para>
</formalpara>
<formalpara>
  <title>Output: &config.OUT;/magic_elf/xxd</title>
  <para>
    <programlisting><inlinemediaobject><imageobject><imagedata
      format="linespecific"
      fileref="../../&config.OUT;/magic_elf/xxd"
    /></imageobject></inlinemediaobject></programlisting>
  </para>
</formalpara>
