<formalpara>
  <title>Command: &config.PRE;/segments/sh/objdump.sh</title>
  <para>
    <programlisting><inlinemediaobject><imageobject><imagedata
      format="linespecific"
      fileref="../../&config.PRE;/segments/sh/objdump.sh"
    /></imageobject></inlinemediaobject></programlisting>
  </para>
</formalpara>
<formalpara>
  <title>Output: &config.OUT;/segments/sh/objdump</title>
  <para>
    <programlisting><inlinemediaobject><imageobject><imagedata
      format="linespecific"
      fileref="../../&config.OUT;/segments/sh/objdump"
    /></imageobject></inlinemediaobject></programlisting>
  </para>
</formalpara>

