<simplesect id="give.me.note.hexdump">
  <title>hexdump</title>

  <simpara
    ><application>hexdump</application> is both more astetical and
    easier to use. Unfortunately the version shipped with Slackware
    8.1 fails on <option>-s</option>.
  </simpara>
  <formalpara>
    <title>Command: &config.PRE;/additional_cs/note/hexdump.sh</title>
    <para>
      <programlisting><inlinemediaobject><imageobject><imagedata
	format="linespecific"
	fileref="../../&config.PRE;/additional_cs/note/hexdump.sh"
      /></imageobject></inlinemediaobject></programlisting
    ></para
  ></formalpara>
  <formalpara>
    <title>Output: &config.OUT;/additional_cs/note/hexdump</title>
    <para>
      <programlisting><inlinemediaobject><imageobject><imagedata
	format="linespecific"
	fileref="../../&config.OUT;/additional_cs/note/hexdump"
      /></imageobject></inlinemediaobject></programlisting
    ></para
  ></formalpara>

</simplesect>
