<simplesect id="give.me.note.readelf">
  <title>readelf</title>

  <simpara
    ><application>readelf</application> can hexdump sections specified
    by index. There is no similar support for segments.
    But at least the output of
    <command>readelf <option>-S</option></command>
    includes section types, so we don't have to rely on matching the name.
  </simpara>
  <formalpara>
    <title>Command: &config.PRE;/additional_cs/note/readelf-name.sh</title>
    <para>
      <programlisting><inlinemediaobject><imageobject><imagedata
	format="linespecific"
	fileref="../../&config.PRE;/additional_cs/note/readelf-name.sh"
      /></imageobject></inlinemediaobject></programlisting
    ></para
  ></formalpara>
  <formalpara>
    <title>Output: &config.OUT;/additional_cs/note/readelf-name</title>
    <para>
      <programlisting><inlinemediaobject><imageobject><imagedata
	format="linespecific"
	fileref="../../&config.OUT;/additional_cs/note/readelf-name"
      /></imageobject></inlinemediaobject></programlisting
    ></para
  ></formalpara>

  <formalpara>
    <title>Command: &config.PRE;/additional_cs/note/readelf.sh</title>
    <para>
      <programlisting><inlinemediaobject><imageobject><imagedata
	format="linespecific"
	fileref="../../&config.PRE;/additional_cs/note/readelf.sh"
      /></imageobject></inlinemediaobject></programlisting
    ></para
  ></formalpara>

  <simpara
    >The output of both <application>readelf 2.11.93</application>
    (shipped with Red Hat 7.3) and <application>readelf 2.13.9</application>
    (shipped with Red Hat 8.0) is broken. Looks like a very strange
    byte order issue on i386.
    And <application>readelf 2.11</application> on Solaris 9 core dumps
    right out on <option>-x</option>.
  </simpara>
  <formalpara>
    <title>Output: &config.OUT;/additional_cs/note/readelf</title>
    <para>
      <programlisting><inlinemediaobject><imageobject><imagedata
	format="linespecific"
	fileref="../../&config.OUT;/additional_cs/note/readelf"
      /></imageobject></inlinemediaobject></programlisting
    ></para
  ></formalpara>

</simplesect>
