<simplesect id="give.me.note.xxd">
  <title>xxd</title>

  <simpara><application>xxd</application> is obviously the best.</simpara>
  <formalpara>
    <title>Command: &config.PRE;/additional_cs/note/xxd.sh</title>
    <para>
      <programlisting><inlinemediaobject><imageobject><imagedata
	format="linespecific"
	fileref="../../&config.PRE;/additional_cs/note/xxd.sh"
      /></imageobject></inlinemediaobject></programlisting
    ></para
  ></formalpara>
  <formalpara>
    <title>Output: &config.OUT;/additional_cs/note/xxd</title>
    <para>
      <programlisting><inlinemediaobject><imageobject><imagedata
	format="linespecific"
	fileref="../../&config.OUT;/additional_cs/note/xxd"
      /></imageobject></inlinemediaobject></programlisting
    ></para
  ></formalpara>

</simplesect>
