<sect2>
  <title>The owner of /bin/bash</title>

  <simpara
    >I found one irregularity in the package system.
  </simpara>

  <formalpara>
    <title>Source: &config.PRE;/packages/slackware/bash.sh</title>
    <para>
      <programlisting><inlinemediaobject><imageobject><imagedata
	format="linespecific"
	fileref="../../&config.PRE;/packages/slackware/bash.sh"
      /></imageobject></inlinemediaobject></programlisting>
    </para>
  </formalpara>
  <formalpara>
    <title>Output: &config.OUT;/packages/slackware/bash</title>
    <para>
      <programlisting><inlinemediaobject><imageobject><imagedata
	format="linespecific"
	fileref="../../&config.OUT;/packages/slackware/bash"
      /></imageobject></inlinemediaobject></programlisting>
    </para>
  </formalpara>

</sect2>
