<simpara
  >On sparc all opcodes take four byte. This makes it impossible to
  have one instruction load a register with a 32-bit immediate value.
  One solution is to split up the bits and use a combination of
  <literal>sethi</literal> and <literal>or</literal>. This would
  require platform specific cooperation from the framework at
  &yref.one.step.closer;, however.
  Instead we reserve four bytes in the middle of the code.
  A <literal>call</literal> loads the address of itself (the
  <literal>call</literal> instruction) into <literal>%o7</literal>.
  Since the distance between the <literal>call</literal> and the
  reserved spot is constant, the called code can load that value
  without giving up position independence.
</simpara>
