<sect2>
  <title>elfdump</title>

  <simpara
    ><application>elfdump</application> also omits section
    <literal>SHT_NULL</literal> but at least gets the numbering right.
  </simpara>
  <formalpara>
    <title>Command: &config.PRE;/sections/elfdump.sh</title>
    <para>
      <programlisting><inlinemediaobject><imageobject><imagedata
	format="linespecific"
	fileref="../../&config.PRE;/sections/elfdump.sh"
      /></imageobject></inlinemediaobject></programlisting>
    </para>
  </formalpara>
  <formalpara>
    <title>Output: &config.OUT;/sections/elfdump</title>
    <para>
      <programlisting><inlinemediaobject><imageobject><imagedata
	format="linespecific"
	fileref="../../&config.OUT;/sections/elfdump"
      /></imageobject></inlinemediaobject></programlisting>
    </para>
  </formalpara>
</sect2>
