<sect2>
  <title>elfdump</title>

  <simpara>And just to complete the confusion a look on the native
    Solaris tool.</simpara>
  <formalpara>
    <title>Command: &config.PRE;/segments/elfdump.sh</title>
    <para>
      <programlisting><inlinemediaobject><imageobject><imagedata
	format="linespecific"
	fileref="../../&config.PRE;/segments/elfdump.sh"
      /></imageobject></inlinemediaobject></programlisting>
    </para>
  </formalpara>
  <formalpara>
    <title>Output: &config.OUT;/segments/elfdump</title>
    <para>
      <programlisting><inlinemediaobject><imageobject><imagedata
	format="linespecific"
	fileref="../../&config.OUT;/segments/elfdump"
      /></imageobject></inlinemediaobject></programlisting>
    </para>
  </formalpara>
</sect2>
