<sect2>
  <title>readelf -l</title>

  <simpara
    ><application>objdump</application>'s output is butt-ugly.
    On to <application>readelf</application>.
    The line starting with <quote>There are &calc.evil.magic.e_phnum.D;
    program headers</quote> shows the value of <literal>e_phnum</literal>
    and <literal>e_phoff</literal>.
  </simpara>
  <formalpara>
    <title>Command: &config.PRE;/segments/readelf.sh</title>
    <para>
      <programlisting><inlinemediaobject><imageobject><imagedata
	format="linespecific"
	fileref="../../&config.PRE;/segments/readelf.sh"
      /></imageobject></inlinemediaobject></programlisting>
    </para>
  </formalpara>
  <formalpara>
    <title>Output: &config.OUT;/segments/readelf</title>
    <para>
      <programlisting><inlinemediaobject><imageobject><imagedata
	format="linespecific"
	fileref="../../&config.OUT;/segments/readelf"
      /></imageobject></inlinemediaobject></programlisting>
    </para>
  </formalpara>
</sect2>
