<simpara
  >&config.OS.NAME; uses <application>rpm</application> for package
  management. It maintains an extensive database in
  <filename>/var/lib/rpm/</filename> in binary form. 
  Query operations are quite fast, but disk space usage is rather high.
</simpara>

<formalpara>
  <title>Source: &config.PRE;/packages/rpm/du.sh</title>
  <para>
    <programlisting><inlinemediaobject><imageobject><imagedata
      format="linespecific"
      fileref="../../&config.PRE;/packages/rpm/du.sh"
    /></imageobject></inlinemediaobject></programlisting>
  </para>
</formalpara>
<formalpara>
  <title>Output: &config.OUT;/packages/du</title>
  <para>
    <programlisting><inlinemediaobject><imageobject><imagedata
      format="linespecific"
      fileref="../../&config.OUT;/packages/du"
    /></imageobject></inlinemediaobject></programlisting>
  </para>
</formalpara>

<simpara>The query is straightforward:</simpara>

<formalpara>
  <title>Source: &config.PRE;/packages/rpm/simple.sh</title>
  <para>
    <programlisting><inlinemediaobject><imageobject><imagedata
      format="linespecific"
      fileref="../../&config.PRE;/packages/rpm/simple.sh"
    /></imageobject></inlinemediaobject></programlisting>
  </para>
</formalpara>
<formalpara>
  <title>Output: &config.OUT;/packages/simple</title>
  <para>
    <programlisting><inlinemediaobject><imageobject><imagedata
      format="linespecific"
      fileref="../../&config.OUT;/packages/simple"
    /></imageobject></inlinemediaobject></programlisting>
  </para>
</formalpara>

<simpara
  >Output format is customizable. A list of available tag names
  is output by <command>rpm --querytags</command>.
</simpara>

<formalpara>
  <title>Source: &config.PRE;/packages/rpm/custom.sh</title>
  <para>
    <programlisting><inlinemediaobject><imageobject><imagedata
      format="linespecific"
      fileref="../../&config.PRE;/packages/rpm/custom.sh"
    /></imageobject></inlinemediaobject></programlisting>
  </para>
</formalpara>
<formalpara>
  <title>Output: &config.OUT;/packages/rpm/custom</title>
  <para>
    <programlisting><inlinemediaobject><imageobject><imagedata
      format="linespecific"
      fileref="../../&config.OUT;/packages/rpm/custom"
    /></imageobject></inlinemediaobject></programlisting>
  </para>
</formalpara>
