<simpara
  >The package format used by &config.OS.NAME; is called
  <quote>pkg Datastream (SVR4)</quote> by a recent
  <citerefentry>
    <refentrytitle>file</refentrytitle>
    <manvolnum>1</manvolnum>
  </citerefentry>.
  Relevant information is stored as a set of text files in
  directory <filename>/var/sadm</filename>.
  For each installed package there is a sub directory in
  <filename>/var/sadm/pkg</filename> that includes a description.
</simpara>

<formalpara>
  <title>Source: &config.PRE;/packages/SunOS/du.sh</title>
  <para>
    <programlisting><inlinemediaobject><imageobject><imagedata
      format="linespecific"
      fileref="../../&config.PRE;/packages/SunOS/du.sh"
    /></imageobject></inlinemediaobject></programlisting>
  </para>
</formalpara>
<formalpara>
  <title>Output: &config.OUT;/packages/du</title>
  <para>
    <programlisting><inlinemediaobject><imageobject><imagedata
      format="linespecific"
      fileref="../../&config.OUT;/packages/du"
    /></imageobject></inlinemediaobject></programlisting>
  </para>
</formalpara>

<simpara
  >The first half of a query does a linear search trough
  text file <filename>/var/sadm/install/contents</filename>.
  The tricky part is to find the canonical name of a file.
  A lot of tools are provided in two different variations.
  The POSIX confirming ones are located in
  directory <filename>/usr/xpg4/bin/</filename>,
  as described by
  <citerefentry>
    <refentrytitle>xpg4</refentrytitle>
    <manvolnum>5</manvolnum>
  </citerefentry>.
  The classic tools are installed in <filename>/usr/bin</filename>.
  But since <filename>/bin</filename> is a symbolic link
  to <filename>/usr/bin</filename>, a naive
  <citerefentry>
    <refentrytitle>which</refentrytitle>
    <manvolnum>1</manvolnum>
  </citerefentry> can give unexpected results.
</simpara>

<formalpara>
  <title>Source: &config.PRE;/packages/SunOS/simple.sh</title>
  <para>
    <programlisting><inlinemediaobject><imageobject><imagedata
      format="linespecific"
      fileref="../../&config.PRE;/packages/SunOS/simple.sh"
    /></imageobject></inlinemediaobject></programlisting>
  </para>
</formalpara>
<formalpara>
  <title>Output: &config.OUT;/packages/simple</title>
  <para>
    <programlisting><inlinemediaobject><imageobject><imagedata
      format="linespecific"
      fileref="../../&config.OUT;/packages/simple"
    /></imageobject></inlinemediaobject></programlisting>
  </para>
</formalpara>

<simpara
  >The second part of the query works on a single file,
  <filename>/var/sadm/pkg/*/pkginfo</filename>:
</simpara>

<formalpara>
  <title>Source: &config.PRE;/packages/SunOS/version.sh</title>
  <para>
    <programlisting><inlinemediaobject><imageobject><imagedata
      format="linespecific"
      fileref="../../&config.PRE;/packages/SunOS/version.sh"
    /></imageobject></inlinemediaobject></programlisting>
  </para>
</formalpara>
<formalpara>
  <title>Output: &config.OUT;/packages/SunOS/version</title>
  <para>
    <programlisting><inlinemediaobject><imageobject><imagedata
      format="linespecific"
      fileref="../../&config.OUT;/packages/SunOS/version"
    /></imageobject></inlinemediaobject></programlisting>
  </para>
</formalpara>
