<epigraph>
  <attribution>Antoine de Saint-Exupery</attribution>
  <simpara
    >Perfection is reached, not when there is no longer anything
    to add, but when there is no longer anything to take away.
  </simpara>
</epigraph>

<simpara
  >This is the platform dependent part of &yref.additional.cs;.</simpara>

<sect2 id="scan.note" xreflabel="Scanning for NOTE">
  <title>Scanning for NOTE</title>

  <simpara
    >Using the scanner in &yref.scan.note; we exercise a systematic
    search for targets. The scripts and intermediate steps are shown
    in <xref linkend="food.for.segment.padding"/>.
    Here come just the results:
  </simpara>

  <formalpara>
    <title>Output: &config.OUT;/scanner/additional_cs/find-ok</title>
    <para>
      <programlisting><inlinemediaobject><imageobject><imagedata
        format="linespecific"
	fileref="../../&config.OUT;/scanner/additional_cs/find-ok"
      /></imageobject></inlinemediaobject></programlisting
    ></para
  ></formalpara>

  &xml.additional.cs.find.ok;

  <formalpara>
    <title>Output: &config.OUT;/scanner/additional_cs/infect.filetype</title>
    <para>
      <programlisting><inlinemediaobject><imageobject><imagedata
        format="linespecific"
	fileref="../../&config.OUT;/scanner/additional_cs/infect.filetype"
      /></imageobject></inlinemediaobject></programlisting
    ></para
  ></formalpara>

  <simpara
    >And this should give you an idea of minimum and maximum size
    of found segments.
  </simpara>
  <formalpara>
    <title>Output: &config.OUT;/scanner/additional_cs/big.dynamic</title>
    <para>
      <programlisting><inlinemediaobject><imageobject><imagedata
        format="linespecific"
	fileref="../../&config.OUT;/scanner/additional_cs/big.dynamic"
      /></imageobject></inlinemediaobject></programlisting
    ></para
  ></formalpara>

</sect2>
<sect2 id="give.me.note" xreflabel="Give me NOTE">
  <title>Give me NOTE</title>

  <simplesect id="give.me.note.objdump">
    <title>objdump</title>

    <simpara
      >Before we overwrite the section we should take a close at what's
      in there. Both <application>objdump</application> and
      <application>readelf</application> can show the contents of
      sections, specified by name or index. There is no direct access
      according to section type. The name of the section differs between
      Linux and Solaris, however. Unfortunately the output of
      <command>objdump -h</command> does not include section types.
      As a work around we can search for a pattern matching both names.
      If more than one entry is found the first one will win.
    </simpara>

    <formalpara>
      <title>Command: &config.PRE;/additional_cs/note/objdump-name.sh</title>
      <para>
	<programlisting><inlinemediaobject><imageobject><imagedata
	  format="linespecific"
	  fileref="../../&config.PRE;/additional_cs/note/objdump-name.sh"
	/></imageobject></inlinemediaobject></programlisting
      ></para
    ></formalpara>
    <formalpara>
      <title>Output: &config.OUT;/additional_cs/note/objdump-name</title>
      <para>
	<programlisting><inlinemediaobject><imageobject><imagedata
	  format="linespecific"
	  fileref="../../&config.OUT;/additional_cs/note/objdump-name"
	/></imageobject></inlinemediaobject></programlisting
      ></para
    ></formalpara>

    <simpara
      ><application>objdump</application> can
      disassemble sections specified by name. There is no similar support
      for segments.  There is nothing like a plain old hexdump.
      And even the disassembly is refused if the executable has no
      symbol table. But don't let useless oddity stop our zeal.
    </simpara>

    <formalpara>
      <title>Command: &config.PRE;/additional_cs/note/objdump.sh</title>
      <para>
	<programlisting><inlinemediaobject><imageobject><imagedata
	  format="linespecific"
	  fileref="../../&config.PRE;/additional_cs/note/objdump.sh"
	/></imageobject></inlinemediaobject></programlisting
      ></para
    ></formalpara>
    <formalpara>
      <title>Output: &config.OUT;/additional_cs/note/objdump</title>
      <para>
	<programlisting><inlinemediaobject><imageobject><imagedata
	  format="linespecific"
	  fileref="../../&config.OUT;/additional_cs/note/objdump"
	/></imageobject></inlinemediaobject></programlisting
      ></para
    ></formalpara>

  </simplesect>

  &xml.additional.cs.note.readelf;

  <simplesect id="give.me.note.classic">
    <title>Classic dump</title>

    <simpara
      >Enough of that crap. To actually see the bytes of a segment we
      first have to retrieve the file offset. The following evil
      <application>perl</application> script could almost be implemented
      with even more evil <application>sed</application>. But I found
      no equally evil way to convert numbers from hexadecimal. 
    </simpara>

    <formalpara>
      <title>Command: &config.PRE;/additional_cs/note/offset.sh</title>
      <para>
	<programlisting><inlinemediaobject><imageobject><imagedata
	  format="linespecific"
	  fileref="../../&config.PRE;/additional_cs/note/offset.sh"
	/></imageobject></inlinemediaobject></programlisting
      ></para
    ></formalpara>
    <formalpara>
      <title>Output: &config.OUT;/additional_cs/note/offset</title>
      <para>
	<programlisting><inlinemediaobject><imageobject><imagedata
	  format="linespecific"
	  fileref="../../&config.OUT;/additional_cs/note/offset"
	/></imageobject></inlinemediaobject></programlisting
      ></para
    ></formalpara>

    <simpara
      >At this point the actual dump is just a variation on
      <xref linkend="strings.and.dumps"/>. A classic byte-wise octal
      dump using only classic options of classic tools:
    </simpara>

    <formalpara>
      <title>Command: &config.PRE;/additional_cs/note/od.sh</title>
      <para>
	<programlisting><inlinemediaobject><imageobject><imagedata
	  format="linespecific"
	  fileref="../../&config.PRE;/additional_cs/note/od.sh"
	/></imageobject></inlinemediaobject></programlisting
      ></para
    ></formalpara>
    <formalpara>
      <title>Output: &config.OUT;/additional_cs/note/od</title>
      <para>
	<programlisting><inlinemediaobject><imageobject><imagedata
	  format="linespecific"
	  fileref="../../&config.OUT;/additional_cs/note/od"
	/></imageobject></inlinemediaobject></programlisting
      ></para
    ></formalpara>

  </simplesect>

  &xml.additional.cs.note.hexdump;
  &xml.additional.cs.note.xxd;

</sect2>
<sect2 id="to.serve.and.detect">
  <title>To serve &amp; detect</title>

  <formalpara>
    <title>Output: &config.OUT;/additional_cs/e1i1/infect</title>
    <para>
      <programlisting><inlinemediaobject><imageobject><imagedata
        format="linespecific"
	fileref="../../&config.OUT;/additional_cs/e1i1/infect"
      /></imageobject></inlinemediaobject></programlisting>
    </para>
  </formalpara>

  <formalpara>
    <title>Output = Command: &config.OUT;/additional_cs/test-e1i1.sh</title>
    <para>
      <programlisting><inlinemediaobject><imageobject><imagedata
        format="linespecific"
	fileref="../../&config.OUT;/additional_cs/test-e1i1.sh"
      /></imageobject></inlinemediaobject></programlisting>
    </para>
  </formalpara>
  <formalpara>
    <title>Output: &config.OUT;/additional_cs/test-e1i1</title>
    <para>
      <programlisting><inlinemediaobject><imageobject><imagedata
        format="linespecific"
	fileref="../../&config.OUT;/additional_cs/test-e1i1"
      /></imageobject></inlinemediaobject></programlisting>
    </para>
  </formalpara>

  <simpara
    >This method works, but is not safe to <application>strip</application>.
    Well, let's compare the infected target with the
    <link linkend="segments.of.sh">the original</link>.
  </simpara>

  &xml.additional.cs.readelf;

  <simpara
    >File size grew &calc.additional.cs.0.size.D; -
    &calc.additional.cs.2.size.D; =
    &calc.additional.cs.0.size.delta.D; bytes. This number is meaningless
    if the original target was stripped. In that case the additional
    bytes of the symbol table far outweigh the infection.
    Anyway, even an unmodified entry point is pointless in this case.
    Anybody can notice <literal>LOAD</literal> instead of
    <literal>NOTE</literal>.
  </simpara>

  <formalpara>
    <title>Command: &config.PRE;/additional_cs/scan_segment.sh</title>
    <para>
      <programlisting><inlinemediaobject><imageobject><imagedata
        format="linespecific"
	fileref="../../&config.PRE;/additional_cs/scan_segment.sh"
      /></imageobject></inlinemediaobject></programlisting>
    </para>
  </formalpara>
  <formalpara>
    <title>Output: &config.OUT;/additional_cs/scan</title>
    <para>
      <programlisting><inlinemediaobject><imageobject><imagedata
        format="linespecific"
	fileref="../../&config.OUT;/additional_cs/scan"
      /></imageobject></inlinemediaobject></programlisting>
    </para>
  </formalpara>

  <simpara>Case closed. Guilty of failure.</simpara>

</sect2>
