<epigraph>
  <attribution>
    Spock and McCoy, <quote>And The Children Shall Lead</quote>,
    star date 5029.5.
  </attribution>
  <simpara>
    <quote>Evil does seek to maintain power by suppressing the
    truth.</quote>
  </simpara>
  <simpara><quote>Or by misleading the innocent.</quote></simpara>
</epigraph>

<simpara>
  The code generated by
  <citerefentry>
    <refentrytitle>gcc</refentrytitle>
    <manvolnum>1</manvolnum>
  </citerefentry> is not suitable for a virus. So here comes hand
  crafted code. &xml.language.of.evil.hand.crafted;
</simpara>

<formalpara>
  <title>Source: src/evil_magic/&config.ASM;.S</title>
  <para>
    <programlisting><inlinemediaobject><imageobject><imagedata
      format="linespecific"
      fileref="../../src/evil_magic/&config.ASM;.S"
    /></imageobject></inlinemediaobject></programlisting>
  </para>
</formalpara>
<formalpara>
  <title>Command: &config.PRE;/evil_magic/&config.ASM.STYLE;.sh</title>
  <para>
    <programlisting><inlinemediaobject><imageobject><imagedata
      format="linespecific"
      fileref="../../&config.PRE;/evil_magic/&config.ASM.STYLE;.sh"
    /></imageobject></inlinemediaobject></programlisting>
  </para>
</formalpara>
<formalpara>
  <title>Output: &config.OUT;/evil_magic/&config.ASM.STYLE;</title>
  <para>
    <programlisting><inlinemediaobject><imageobject><imagedata
      format="linespecific"
      fileref="../../&config.OUT;/evil_magic/&config.ASM.STYLE;"
    /></imageobject></inlinemediaobject></programlisting>
  </para>
</formalpara>

<simpara>
  Output is good. But how do we get the resulting machine code?
  We can't just add a call to
  <citerefentry>
    <refentrytitle>printf</refentrytitle>
    <manvolnum>3</manvolnum>
  </citerefentry>
  to the assembly code. Above example is not linked with glibc;
  it does not even have a function called <function>main</function>.
</simpara>

<sect2  id="offset.of.e_entry" xreflabel="Offset of e_entry">
  <title>Offset of e_entry</title>

  <simpara>
    On the other hand things became a lot easier. There is no
    initialization code that gets executed before
    <function>_start</function>, so the address of
    <function>_start</function> is really the <acronym>ELF</acronym>
    entry point of the executable. Time to have a closer look at
    the <acronym>ELF</acronym> header. Check out the code at
    &yref.offset.of.e_entry;
  </simpara>

  <formalpara>
    <title>Output: &config.OUT;/evil_magic/ofs_entry</title>
    <para>
      <programlisting><inlinemediaobject><imageobject><imagedata
	format="linespecific"
	fileref="../../&config.OUT;/evil_magic/ofs_entry"
      /></imageobject></inlinemediaobject></programlisting>
    </para>
  </formalpara>

  <simpara
    >It's interesting that <varname>e_entry</varname> is at the
    same offset in both <type>Elf32_Ehdr</type> and <type>Elf64_Ehdr</type>
    (of course the size of the field is different).
  </simpara>
  <simpara
    >The classic approach to extract this value from an executable
    is a combination of 
    <citerefentry>
      <refentrytitle>dd</refentrytitle>
      <manvolnum>1</manvolnum>
    </citerefentry> and
    <citerefentry>
      <refentrytitle>od</refentrytitle>
      <manvolnum>1</manvolnum>
    </citerefentry>. A first (and useless) prototype:
  </simpara>

  <formalpara>
    <title>Command: &config.PRE;/evil_magic/od.sh</title>
    <para>
      <programlisting><inlinemediaobject><imageobject><imagedata
	format="linespecific"
	fileref="../../&config.PRE;/evil_magic/od.sh"
      /></imageobject></inlinemediaobject></programlisting>
    </para>
  </formalpara>
  <formalpara>
    <title>Output: &config.OUT;/evil_magic/od</title>
    <para>
      <programlisting><inlinemediaobject><imageobject><imagedata
	format="linespecific"
	fileref="../../&config.OUT;/evil_magic/od"
      /></imageobject></inlinemediaobject></programlisting>
    </para>
  </formalpara>

  <simpara
    ><application>dd</application> can be replaced by
    <command>od -j 24</command> on Solaris and Linux.
    FreeBSD's implementation spells that <command>od +24</command>.
    FreeBSD and Linux also provide <command>hexdump -s 24</command>.
    But unfortunately neither the traditional <application>od</application>
    nor the modern <application>hexdump</application> on FreeBSD
    can process 8 byte values. Still worse, I know one installation
    of alpha-m/additional.cs.xml where <application>perl</application>
    is compiled without 64-bit support. To reliably cover 64-bit
    platforms (especially big endian Ultra-Sparc) we need more power.
  </simpara>

</sect2>
<sect2 id="e_entry" xreflabel="Extracting e_entry">
  <title>Extracting e_entry</title>

  <simpara>Source is at &yref.e_entry;. Also used at
    <xref linkend="entry.point"/>.</simpara>

  <formalpara>
    <title>Command: &config.PRE;/evil_magic/e_entry.sh</title>
    <para>
      <programlisting><inlinemediaobject><imageobject><imagedata
	format="linespecific"
	fileref="../../&config.PRE;/evil_magic/e_entry.sh"
      /></imageobject></inlinemediaobject></programlisting>
    </para>
  </formalpara>
  <formalpara>
    <title>Output: &config.OUT;/evil_magic/e_entry</title>
    <para>
      <programlisting><inlinemediaobject><imageobject><imagedata
	format="linespecific"
	fileref="../../&config.OUT;/evil_magic/e_entry"
      /></imageobject></inlinemediaobject></programlisting>
    </para>
  </formalpara>

  <simpara>
    The entry point is specified as a virtual address in memory.
    By subtracting the base address we get the file offset.
  </simpara>
  <blockquote>
    <title>Offset of entry point in file:</title>
    <simpara><literal
      >&calc.evil.magic.start.X; - &calc.base.addr; =
      &calc.evil.magic.ofs.X; = &calc.evil.magic.ofs.D;</literal
    ></simpara>
  </blockquote>

</sect2>
<sect2  id="devil.in.disguise" xreflabel="Devil in disguise">
  <title>Devil in disguise</title>

  &xml.language.of.evil.ndisasm;

  <formalpara id="evil.magic.evil.magic.asm">
    <title>Output: &config.OUT;/evil_magic/&config.ASM.STYLE;.asm</title>
    <para>
      <programlisting><inlinemediaobject><imageobject><imagedata
	format="linespecific"
	fileref="../../&config.OUT;/evil_magic/&config.ASM.STYLE;.asm"
      /></imageobject></inlinemediaobject></programlisting>
    </para>
  </formalpara>

  <simpara>
    There is still one thing left:
    Dressing up the hex dump as C source.
    We use the script from &yref.dressing.up.binary.code;.
  </simpara>

  <formalpara>
    <title>Output = Source: &config.OUT;/evil_magic/evil_magic.c</title>
    <para>
      <programlisting><inlinemediaobject><imageobject><imagedata
	format="linespecific"
	fileref="../../&config.OUT;/evil_magic/evil_magic.c"
      /></imageobject></inlinemediaobject></programlisting>
    </para>
  </formalpara>

  <simpara
    >Calling the string constant <varname>main</varname> is not
    a mistake. Above output is a complete and valid C program.
    <footnote><simpara
      >Even experienced hackers seem to be stunned about this one.
      The idea is quit famous, though. It won the first
      International Obfuscated C Coding Contest in 1984.
      See &url.code.ioccc.org; and &url.hint.ioccc.org;.</simpara
    ></footnote>
  </simpara>

  <formalpara>
    <title>Command: &config.PRE;/evil_magic/cc.sh</title>
    <para>
      <programlisting><inlinemediaobject><imageobject><imagedata
	format="linespecific"
	fileref="../../&config.PRE;/evil_magic/cc.sh"
      /></imageobject></inlinemediaobject></programlisting>
    </para>
  </formalpara>
  <formalpara>
    <title>Output: &config.OUT;/evil_magic/cc</title>
    <para>
      <programlisting><inlinemediaobject><imageobject><imagedata
	format="linespecific"
	fileref="../../&config.OUT;/evil_magic/cc"
      /></imageobject></inlinemediaobject></programlisting>
    </para>
  </formalpara>

</sect2>
<sect2 id="infection.1" xreflabel="Infection #1">
  <title>Infection #1</title>

  <simpara
    >Up to now our code is intended to be stand-alone.
    Obviously we must replace the call to
    <citerefentry>
      <refentrytitle>exit</refentrytitle>
      <manvolnum>2</manvolnum>
    </citerefentry>. Instead we have to resume with the original code
    of the host executable. The last line of assembler code is used to
    specify the offset of a spot to patch with the original entry
    address. This ends up in the definition of
    <literal>ENTRY_POINT_OFS</literal> required by the framework in
    &yref.one.step.closer;. Note the <quote><filename>i1</filename></quote>
    in the path of the file name. This is just the first implementation.
    It will be replaced later on.
  </simpara>

  &xml.language.of.evil.infection;

  <formalpara>
    <title>Source: src/one_step_closer/i1/&config.ASM;.S</title>
    <para>
      <programlisting><inlinemediaobject><imageobject><imagedata
        format="linespecific"
	fileref="../../src/one_step_closer/i1/&config.ASM;.S"
      /></imageobject></inlinemediaobject></programlisting>
    </para>
  </formalpara>

  <formalpara>
    <title>Command: &config.PRE;/one_step_closer/&config.ASM.STYLE;.sh</title>
    <para>
      <programlisting><inlinemediaobject><imageobject><imagedata
        format="linespecific"
	fileref="../../&config.PRE;/one_step_closer/&config.ASM.STYLE;.sh"
      /></imageobject></inlinemediaobject></programlisting>
    </para>
  </formalpara>

  <formalpara>
    <title>Output = Source: &config.OUT;/one_step_closer/i1/infection.inc</title>
    <para>
      <programlisting><inlinemediaobject><imageobject><imagedata
        format="linespecific"
	fileref="../../&config.OUT;/one_step_closer/i1/infection.inc"
      /></imageobject></inlinemediaobject></programlisting>
    </para>
  </formalpara>

</sect2>
