<epigraph>
  <attribution>Terry Pratchett, Moving Pictures</attribution>
  <simpara>It looks worse than you can imagine!</simpara>
  <simpara>I can imagine some pretty bad things!</simpara>
  <simpara>That's why I said *worse*!</simpara>
</epigraph>

<simpara
  >The fancy output format of <xref linkend="address.of.main"/>
  was chosen for a reason. It is valid input for
  <filename>/bin/sh</filename>. Let's check out whether the program
  from <xref linkend="magic.of.elf"/> has <function>main</function>
  at the same offset.
</simpara>

&xml.magic.revealed.ndisasm;

<sect2 id="objdump.d" xreflabel="objdump -d">
  <title>objdump -d</title>

  <simpara
    >The output of <application>objdump</application> includes function
    labels. Filtering the complete disassembly can yield the desired
    code without prior knowledge of the function address.
    But since we already have the value we use
    <option>--start-address</option> for symmetry with
    <application>ndisasm</application>. That option accepts only
    numeric values, not symbol names.
  </simpara>

  <formalpara>
    <title>Command: &config.PRE;/magic_elf/objdump.sh</title>
    <para>
      <programlisting><inlinemediaobject><imageobject><imagedata
	format="linespecific"
	fileref="../../&config.PRE;/magic_elf/objdump.sh"
      /></imageobject></inlinemediaobject></programlisting>
    </para>
  </formalpara>

  <simpara>The filter to pretty up this disassembly is at
    &yref.objdump.format.pl;</simpara>

  <formalpara>
    <title>Output: &config.OUT;/magic_elf/objdump.asm</title>
    <para>
      <programlisting><inlinemediaobject><imageobject><imagedata
	format="linespecific"
	fileref="../../&config.OUT;/magic_elf/objdump.asm"
      /></imageobject></inlinemediaobject></programlisting>
    </para>
  </formalpara>

  <simpara
    >This looks like a real <function>main</function>. So both programs
    indeed have <function>main</function> at the same offset.
    Unfortunately a brief look through <filename>/bin</filename> proves
    this to be pure chance.
    And instead of a real system call for
    <citerefentry>
      <refentrytitle>write</refentrytitle>
      <manvolnum>2</manvolnum>
    </citerefentry>
    we see something strange. It resolves to a location in a shared
    library. But what function in what library?
  </simpara>

</sect2>
<sect2 id="GDB.to.the.rescue" xreflabel="GDB to the rescue">
  <title>GDB to the rescue</title>

  <formalpara>
    <title>Command: &config.PRE;/magic_elf/gdb_core.sh</title>
    <para>
      <programlisting><inlinemediaobject><imageobject><imagedata
	format="linespecific"
	fileref="../../&config.PRE;/magic_elf/gdb_core.sh"
      /></imageobject></inlinemediaobject></programlisting>
    </para>
  </formalpara>

  <simpara>The filter to pretty up this disassembly is at
    &yref.gdb.format.pl;</simpara>

  <formalpara>
    <title>Command: &config.PRE;/magic_elf/gdb.sh</title>
    <para>
      <programlisting><inlinemediaobject><imageobject><imagedata
	format="linespecific"
	fileref="../../&config.PRE;/magic_elf/gdb.sh"
      /></imageobject></inlinemediaobject></programlisting>
    </para>
  </formalpara>

  <anchor id="output.magic.elf.gdb"/>
  <formalpara>
    <title>Output: &config.OUT;/magic_elf/gdb</title>
    <para>
      <programlisting><inlinemediaobject><imageobject><imagedata
	format="linespecific"
	fileref="../../&config.OUT;/magic_elf/gdb"
      /></imageobject></inlinemediaobject></programlisting>
    </para>
  </formalpara>

  <simpara
    >Looks better. We need a way to retrieve the function name,
    <function>&calc.magic_elf.gdb.call0.name;</function>,
    from this output. Then we can feed <application>gdb</application>
    this argument for disassembly.
  </simpara>

  <formalpara>
    <title>Command: &config.PRE;/evil_magic/first_gdb_func.sed</title>
    <para>
      <programlisting><inlinemediaobject><imageobject><imagedata
        format="linespecific"
	fileref="../../&config.PRE;/evil_magic/first_gdb_func.sed"
      /></imageobject></inlinemediaobject></programlisting>
    </para>
  </formalpara>
  <formalpara>
    <title>Command: &config.PRE;/evil_magic/gdb_write.sh</title>
    <para>
      <programlisting><inlinemediaobject><imageobject><imagedata
        format="linespecific"
	fileref="../../&config.PRE;/evil_magic/gdb_write.sh"
      /></imageobject></inlinemediaobject></programlisting>
    </para>
  </formalpara>
  <formalpara>
    <title>Output: &config.OUT;/evil_magic/write.gdb</title>
    <para>
      <programlisting><inlinemediaobject><imageobject><imagedata
        format="linespecific"
	fileref="../../&config.OUT;/evil_magic/write.gdb"
      /></imageobject></inlinemediaobject></programlisting>
    </para>
  </formalpara>

  <simpara>Oops.
    Shared libraries don't share their secrets with everyone.</simpara>

</sect2>
<sect2 id="in.doubt.use.force" xreflabel="In doubt use force">
  <title>In doubt use force</title>

  <simpara
    >We can now search for a fine manual explaining how to debug
    shared libraries. Or just compile the bugger static.
  </simpara>
  <formalpara>
    <title>Command: &config.PRE;/magic_elf/cc_static.sh</title>
    <para>
      <programlisting><inlinemediaobject><imageobject><imagedata
        format="linespecific"
	fileref="../../&config.PRE;/magic_elf/cc_static.sh"
      /></imageobject></inlinemediaobject></programlisting>
    </para>
  </formalpara>
  <formalpara>
    <title>Output: &config.OUT;/magic_elf/magic_elf_static</title>
    <para>
      <programlisting><inlinemediaobject><imageobject><imagedata
        format="linespecific"
	fileref="../../&config.OUT;/magic_elf/magic_elf_static"
      /></imageobject></inlinemediaobject></programlisting>
    </para>
  </formalpara>

  <simpara
    >Seems we found an easy way to fill up the hard disk.
    Anyway, what has
    <citerefentry>
      <refentrytitle>gdb</refentrytitle>
      <manvolnum>1</manvolnum>
    </citerefentry> to say about it?
  </simpara>
  <formalpara>
    <title>Output: &config.OUT;/evil_magic/static_main.gdb</title>
    <para>
      <programlisting><inlinemediaobject><imageobject><imagedata
        format="linespecific"
	fileref="../../&config.OUT;/evil_magic/static_main.gdb"
      /></imageobject></inlinemediaobject></programlisting>
    </para>
  </formalpara>

  <simpara
    >The function was called
    <function>&calc.magic_elf.gdb.call0.name;</function> before,
    it is called
    <function>&calc.magic_elf_static.gdb.call0.name;</function>
    now. Let's look what is behind the name.
  </simpara>

  <formalpara>
    <title>Source: &config.PRE;/evil_magic/static_write.sh</title>
    <para>
      <programlisting><inlinemediaobject><imageobject><imagedata
        format="linespecific"
	fileref="../../&config.PRE;/evil_magic/static_write.sh"
      /></imageobject></inlinemediaobject></programlisting>
    </para>
  </formalpara>
  <formalpara>
    <title>Output: &config.OUT;/evil_magic/static_write.gdb</title>
    <para>
      <programlisting><inlinemediaobject><imageobject><imagedata
        format="linespecific"
	fileref="../../&config.OUT;/evil_magic/static_write.gdb"
      /></imageobject></inlinemediaobject></programlisting>
    </para>
  </formalpara>

</sect2>
<sect2 id="write.your.name" xreflabel="Write your name">
  <title>Write your name</title>

  <simpara
    >Above disassembly is not guaranteed to work. The names of symbols
    imported by libraries differ from one platform to the other,
    and from one compiler to the other. A more rational approach is to
    search the listing of all symbols for similar names and identical
    addresses.
  </simpara>

  <formalpara>
    <title>Command: &config.PRE;/evil_magic/nm.sh</title>
    <para>
      <programlisting><inlinemediaobject><imageobject><imagedata
        format="linespecific"
	fileref="../../&config.PRE;/evil_magic/nm.sh"
      /></imageobject></inlinemediaobject></programlisting>
    </para>
  </formalpara>
  <formalpara>
    <title>Output: &config.OUT;/evil_magic/nm</title>
    <para>
      <programlisting><inlinemediaobject><imageobject><imagedata
        format="linespecific"
	fileref="../../&config.OUT;/evil_magic/nm"
      /></imageobject></inlinemediaobject></programlisting>
    </para>
  </formalpara>

  <simpara
    >I suspect there is actually order behind the chaos.
    The symbol <literal>&calc.evil.magic.nm.name;</literal>,
    with a varying number of leading underscores, seems to be
    <quote>the real thing</quote> on all platforms.
    The aliases for the value,
    <literal>&calc.evil.magic.nm.value.X;</literal>, differ a lot.
  </simpara>

  <formalpara>
    <title>Command: &config.PRE;/evil_magic/gdb_nm.sh</title>
    <para>
      <programlisting><inlinemediaobject><imageobject><imagedata
        format="linespecific"
	fileref="../../&config.PRE;/evil_magic/gdb_nm.sh"
      /></imageobject></inlinemediaobject></programlisting>
    </para>
  </formalpara>
  <formalpara>
    <title>Output: &config.OUT;/evil_magic/gdb_nm</title>
    <para>
      <programlisting><inlinemediaobject><imageobject><imagedata
        format="linespecific"
	fileref="../../&config.OUT;/evil_magic/gdb_nm"
      /></imageobject></inlinemediaobject></programlisting>
    </para>
  </formalpara>

  <simpara
    >&xml.magic.revealed.syscall.man;
    &xml.magic.revealed.syscall.platform;
  </simpara>

</sect2>
