<?xml version="1.0"?>
<!DOCTYPE article PUBLIC "-//OASIS//DTD DocBook XML V4.1.2//EN"
  "/usr/share/sgml/docbook/xml-dtd-4.1.2-1.0-8/docbookx.dtd"
[
<!-- configuration and evaluation -->
  <!ENTITY % xml.global SYSTEM "../intro/global.xml">
  %xml.global;

  <!ENTITY % xml.yref SYSTEM "yref.xml">
  %xml.yref;

<!-- chapter entities -->

  <!ENTITY xml.packages SYSTEM "packages.xml">
  <!ENTITY xml.magic.of.elf SYSTEM "magic.of.elf.xml">
  <!ENTITY xml.magic.revealed SYSTEM "magic.revealed.xml">
  <!ENTITY xml.language.of.evil SYSTEM "language.of.evil.xml">
  <!ENTITY xml.segments SYSTEM "segments.xml">
  <!ENTITY xml.sections SYSTEM "sections.xml">
  <!ENTITY xml.scanners SYSTEM "scanners.xml">
  <!ENTITY xml.segment.padding SYSTEM "segment.padding.xml">
  <!ENTITY xml.additional.cs SYSTEM "additional.cs.xml">
  <!ENTITY xml.entry.point SYSTEM "entry.point.xml">
  <!ENTITY xml.doing.it.in.c SYSTEM "doing.it.in.c.xml">
  <!ENTITY xml.stub.revisited SYSTEM "stub.revisited.xml">
  <!ENTITY xml.suspicious.code SYSTEM "suspicious.code.xml">
  <!ENTITY xml.revision.history SYSTEM "revision.history.xml">

]>
<article id="index">

<articleinfo>

  &xml.author;
  <titleabbrev>TEVWH &config.HOSTTYPE;</titleabbrev>
  <subtitle>&config.OS.CODE;</subtitle>

  <abstract>
    <simpara>
      This is a platform specific volume of TEVWH.
      See the <ulink url="../index.html">global part</ulink>
      for introduction, copyright, licensing and other legal issues.
      This part was built on an installation of
      <quote>&config.OS.NAME;</quote> running on &config.ARCH;.
      &xml.packages.os.code;
    </simpara>
    &xml.versions;
  </abstract>

  <revhistory>
    <revision>
      <revnumber>
        <ulink url="../revision.history.html#&config.revid;"
	  >&config.revnumber;</ulink>
      </revnumber>
      <date>&config.revdate;</date>
    </revision>
  </revhistory>

</articleinfo>

<sect1 id="packages" xreflabel="Variables and packages">
  <title>Variables and packages</title>
  &xml.packages;
</sect1>
<sect1 id="magic.of.elf" xreflabel="The magic of the Elf">
  <title>The magic of the Elf</title>
  &xml.magic.of.elf;
</sect1>
<sect1 id="magic.revealed" xreflabel="Magic revealed">
  <title>Magic revealed</title>
  &xml.magic.revealed;
</sect1>
<sect1 id="language.of.evil" xreflabel="The language of evil">
  <title>The language of evil</title>
  &xml.language.of.evil;
</sect1>
<sect1 id="segments" xreflabel="Segments">
  <title>Segments</title>
  &xml.segments;
</sect1>
<sect1 id="sections" xreflabel="Sections">
  <title>Sections</title>
  &xml.sections;
</sect1>
<sect1 id="scanners" xreflabel="Scanners">
  <title>Scanners</title>
  &xml.scanners;
</sect1>
<sect1 id="segment.padding" xreflabel="Segment padding infection">
  <title>Segment padding infection</title>
  &xml.segment.padding;
</sect1>
<sect1 id="additional.cs" xreflabel="Additional code segments">
  <title>Additional code segments</title>
  &xml.additional.cs;
</sect1>

<sect1 id="entry.point" xreflabel="The entry point">
  <title>The entry point</title>
  &xml.entry.point;
</sect1>
<sect1 id="doing.it.in.c" xreflabel="Doing it in C">
  <title>Doing it in C</title>
  &xml.doing.it.in.c;
</sect1>
<sect1 id="stub.revisited" xreflabel="The stub revisited">
  <title>The stub revisited</title>
  &xml.stub.revisited;
</sect1>
<sect1 id="suspicious.code" xreflabel="Suspicious code">
  <title>Suspicious code</title>
  &xml.suspicious.code;
</sect1>
<!--
-->

</article>
