<epigraph>
  <attribution>Murphy's Law of Research</attribution>
  <simpara>Enough research will tend to support your theory.</simpara>
</epigraph>

<simpara
  >This is the platform dependent part of &yref.scanners;.
  It contains three things:
</simpara>
<itemizedlist>
  <listitem><simpara
    >Verifying peculiarities of system files.</simpara
  ></listitem><listitem><simpara
    >Choosing appropriate targets to demonstrate infection methods.</simpara
  ></listitem><listitem><simpara
    >Testing scanners on all infected executables.</simpara
  ></listitem>
</itemizedlist>
<simpara
  >All together this results in a kind of time warp.
  The infection methods detected here are described later on.
  And the list of found clean targets has already been used.
</simpara>
  
<sect2 id="finding.executables">
  <title>Finding executables</title>

  <simpara
    >This is the output of <filename>find-exec.sh</filename> as
    described in &yref.finding.executables;. The sample of
    <application>file</application>'s output down below (at
    <xref linkend="food.for.segment.padding"/>) might explain how
    the <application>sed</application> part is supposed to work.
  </simpara>
  <simpara
    >Linux distributions and Solaris have very few statically linked
    programs. On FreeBSD the number is much higher.
  </simpara>

  <formalpara>
    <title>Output: &config.OUT;/scanner/big.wc</title>
    <para>
      <programlisting><inlinemediaobject><imageobject><imagedata
	format="linespecific"
	fileref="../../&config.OUT;/scanner/big.wc"
      /></imageobject></inlinemediaobject></programlisting>
    </para>
  </formalpara>
  <formalpara>
    <title>Output: &config.OUT;/scanner/small.wc</title>
    <para>
      <programlisting><inlinemediaobject><imageobject><imagedata
	format="linespecific"
	fileref="../../&config.OUT;/scanner/small.wc"
      /></imageobject></inlinemediaobject></programlisting>
    </para>
  </formalpara>

</sect2>
<sect2 id="scan.entry.point" xreflabel="Scan entry point">
  <title>Scan entry point</title>

  <simpara
    >See <xref linkend="sections"/> for the illustrative description
    of a dumped <acronym>ELF</acronym> header. The script itself
    is at &yref.scan.entry.point;.
  </simpara>

  <formalpara>
    <title>Output: &config.OUT;/scanner/entry_point/big.static</title>
    <para>
      <programlisting><inlinemediaobject><imageobject><imagedata
	format="linespecific"
	fileref="../../&config.OUT;/scanner/entry_point/big.static"
      /></imageobject></inlinemediaobject></programlisting
    ></para>
  </formalpara>
  <formalpara>
    <title>Output: &config.OUT;/scanner/entry_point/big.dynamic</title>
    <para>
      <programlisting><inlinemediaobject><imageobject><imagedata
	format="linespecific"
	fileref="../../&config.OUT;/scanner/entry_point/big.dynamic"
      /></imageobject></inlinemediaobject></programlisting
    ></para>
  </formalpara>

  <simpara
    >On a clean system there are absolutely no deviations. Now we let
    the script loose on all infected executables produced from the
    sources of this document. Only a few are detected (note the
    directory name <filename>e1i1</filename>). Which means there is
    cure against this vulnerability (see <xref linkend="entry.point"/>).
    In the following output <literal>ep</literal> means
    <quote>entry point</quote> and <literal>sot</literal> is
    <quote>start of .text</quote>.
  </simpara>
    
  <formalpara>
    <title>Output: &config.OUT;/scanner/entry_point/small.static</title>
    <para>
      <programlisting><inlinemediaobject><imageobject><imagedata
	format="linespecific"
	fileref="../../&config.OUT;/scanner/entry_point/small.static"
      /></imageobject></inlinemediaobject></programlisting
    ></para>
  </formalpara>
  <formalpara>
    <title>Output: &config.OUT;/scanner/entry_point/small.dynamic</title>
    <para>
      <programlisting><inlinemediaobject><imageobject><imagedata
	format="linespecific"
	fileref="../../&config.OUT;/scanner/entry_point/small.dynamic"
      /></imageobject></inlinemediaobject></programlisting
    ></para>
  </formalpara>

</sect2>
<sect2 id="scan.segments" xreflabel="Scan segments">
  <title>Scan segments</title>

  <simpara
    >This is the output of &yref.scan.segments;; only the last
    few lines of output are shown.</simpara>
  <formalpara>
    <title>Output: &config.OUT;/scanner/segment_padding/big.static</title>
    <para>
      <programlisting><inlinemediaobject><imageobject><imagedata
        format="linespecific"
        fileref="../../&config.OUT;/scanner/segment_padding/big.static"
      /></imageobject></inlinemediaobject></programlisting>
    </para>
  </formalpara>
  <formalpara>
    <title>Output: &config.OUT;/scanner/segment_padding/big.dynamic</title>
    <para>
      <programlisting><inlinemediaobject><imageobject><imagedata
        format="linespecific"
        fileref="../../&config.OUT;/scanner/segment_padding/big.dynamic"
      /></imageobject></inlinemediaobject></programlisting>
    </para>
  </formalpara>

  <simpara
    >On this installation at least &calc.segment.padding.big.d.ok.D; +
    &calc.segment.padding.big.s.ok.D; files are possible targets for
    <xref linkend="segment.padding"/>.
    So on to all infected executables created from the sources of this
    document. Again only the last few lines of output is shown. It's
    enough to see that all infected files are detected.
  </simpara>

  <formalpara>
    <title>Output: &config.OUT;/scanner/segment_padding/small.static</title>
    <para>
      <programlisting><inlinemediaobject><imageobject><imagedata
        format="linespecific"
        fileref="../../&config.OUT;/scanner/segment_padding/small.static"
      /></imageobject></inlinemediaobject></programlisting>
    </para>
  </formalpara>
  <formalpara>
    <title>Output: &config.OUT;/scanner/segment_padding/small.dynamic</title>
    <para>
      <programlisting><inlinemediaobject><imageobject><imagedata
        format="linespecific"
        fileref="../../&config.OUT;/scanner/segment_padding/small.dynamic"
      /></imageobject></inlinemediaobject></programlisting>
    </para>
  </formalpara>

</sect2>
<sect2 id="a.kingdom.for.a.shell" xreflabel="A kingdom for a shell">
  <title>A kingdom for a shell</title>

  <simpara
    >I want to demonstrate infection methods on a shell.
    The usual suspect is <filename>/bin/sh</filename>. But on some
    systems that particular executable is not vulnerable to
    <xref linkend="segment.padding"/>. A systematic search for
    targets starts with extraction of pure file names from
    the scanner logs.
  </simpara>

  <formalpara>
    <title>Source: &config.PRE;/scanner/find-ok.sh</title>
    <para>
      <programlisting><inlinemediaobject><imageobject><imagedata
        format="linespecific"
        fileref="../../&config.PRE;/scanner/find-ok.sh"
      /></imageobject></inlinemediaobject></programlisting>
    </para>
  </formalpara>
  <formalpara>
    <title>Output: &config.OUT;/scanner/segment_padding/find-ok</title>
    <para>
      <programlisting><inlinemediaobject><imageobject><imagedata
        format="linespecific"
	  fileref="../../&config.OUT;/scanner/segment_padding/find-ok"
      /></imageobject></inlinemediaobject></programlisting>
    </para>
  </formalpara>

  <simpara>These lists can be searched for acceptable file names.</simpara>

  <formalpara>
    <title>Source: &config.PRE;/scanner/find-shell.sh</title>
    <para>
      <programlisting><inlinemediaobject><imageobject><imagedata
        format="linespecific"
        fileref="../../&config.PRE;/scanner/find-shell.sh"
      /></imageobject></inlinemediaobject></programlisting>
    </para>
  </formalpara>
  <formalpara>
    <title>Source: src/scanner/find-shell.lst</title>
    <para>
      <programlisting><inlinemediaobject><imageobject><imagedata
        format="linespecific"
        fileref="../../src/scanner/find-shell.lst"
      /></imageobject></inlinemediaobject></programlisting>
    </para>
  </formalpara>

  <simpara>And the winner is &hellip;</simpara>
  <formalpara>
    <title>Output: &config.OUT;/scanner/segment_padding/find-shell</title>
    <para>
      <programlisting><inlinemediaobject><imageobject><imagedata
        format="linespecific"
        fileref="../../&config.OUT;/scanner/segment_padding/find-shell"
      /></imageobject></inlinemediaobject></programlisting>
    </para>
  </formalpara>

</sect2>
<sect2 id="food.for.segment.padding" xreflabel="Food for segment padding">
  <title>Food for segment padding</title>

  <simpara>This is the output of &yref.food.for.segment.padding;</simpara>

  <formalpara>
    <title>Output: &config.OUT;/scanner/segment_padding/infect</title>
    <para>
      <programlisting><inlinemediaobject><imageobject><imagedata
        format="linespecific"
        fileref="../../&config.OUT;/scanner/segment_padding/infect"
      /></imageobject></inlinemediaobject></programlisting>
    </para>
  </formalpara>

  <simpara
    >To avoid any suspicion of inadequate paranoia another test with 
    <application>file</application>.
  </simpara>
  <formalpara>
    <title>Output: &config.OUT;/scanner/segment_padding/infect.filetype</title>
    <para>
      <programlisting><inlinemediaobject><imageobject><imagedata
        format="linespecific"
        fileref="../../&config.OUT;/scanner/segment_padding/infect.filetype"
      /></imageobject></inlinemediaobject></programlisting>
    </para>
  </formalpara>

</sect2>
<sect2 id="scan.filesize" xreflabel="Scan file size">
  <title>Scan file size</title>

  <formalpara>
    <title>Output: &config.OUT;/scanner/filesize/big.dynamic</title>
    <para>
      <programlisting><inlinemediaobject><imageobject><imagedata
        format="linespecific"
        fileref="../../&config.OUT;/scanner/filesize/big.dynamic"
      /></imageobject></inlinemediaobject></programlisting>
    </para>
  </formalpara>
  <formalpara>
    <title>Output: &config.OUT;/scanner/filesize/big.static</title>
    <para>
      <programlisting><inlinemediaobject><imageobject><imagedata
        format="linespecific"
        fileref="../../&config.OUT;/scanner/filesize/big.static"
      /></imageobject></inlinemediaobject></programlisting>
    </para>
  </formalpara>

  <simpara
    >No detected system files is a strong indication that the
    heuristic is working. The reverse test requires another
    infection method, the <quote>File virus</quote>.
    Not implemented, yet.
    Note that the diagnostics below are issued by function
    &yref.get.seg;, not &yref.scan.filesize;.
  </simpara>

  <formalpara>
    <title>Output: &config.OUT;/scanner/filesize/small.dynamic</title>
    <para>
      <programlisting><inlinemediaobject><imageobject><imagedata
        format="linespecific"
        fileref="../../&config.OUT;/scanner/filesize/small.dynamic"
      /></imageobject></inlinemediaobject></programlisting>
    </para>
  </formalpara>

</sect2>
