<epigraph>
  <attribution>Shedenhelm's Law</attribution>
  <simpara>All trails have more uphill sections than they have
    downhill sections.</simpara>
</epigraph>

<simpara
  >The standard describes section headers as optional for programs,
  but you can't build dynamically linked executables without them.
  Still worse,
  <citerefentry>
    <refentrytitle>strip</refentrytitle>
    <manvolnum>1</manvolnum>
  </citerefentry> performs a destructive operation on the section
  headers that will break infected executables if we don't maintain
  the section headers as well. Let's have another look at
  <xref linkend="language.of.evil"/>.
</simpara>

<sect2>
  <title>objdump -h</title>

  <formalpara>
    <title>Command: &config.PRE;/sections/objdump.sh</title>
    <para>
      <programlisting><inlinemediaobject><imageobject><imagedata
	format="linespecific"
	fileref="../../&config.PRE;/sections/objdump.sh"
      /></imageobject></inlinemediaobject></programlisting>
    </para>
  </formalpara>
  <formalpara>
    <title>Output: &config.OUT;/sections/objdump</title>
    <para>
      <programlisting><inlinemediaobject><imageobject><imagedata
	format="linespecific"
	fileref="../../&config.OUT;/sections/objdump"
      /></imageobject></inlinemediaobject></programlisting>
    </para>
  </formalpara>

  <simpara
    ><application>objdump</application>'s output for sections is
    outright disgusting. A real problem is the broken numbering due
    to ignored entries in the section table. The item on index 0 is
    actually of type <literal>SHT_NULL</literal>. Its index
    (<literal>SHN_UNDEF</literal> = 0) serves to mark an unused value
    of <varname>sh_link</varname>. Less troublesome is the ignored
    string table, a section of type <literal>STRTAB</literal>.
    And it does not help at all that the section type itself is
    not included in the output.
  </simpara>
</sect2>

&xml.sections.readelf;
&xml.sections.elfdump;

<sect2>
  <title>Observations</title>

  <simpara
    >The start of section <literal>.text</literal>,
    <literal>&calc.evil.magic.text.addr.X;</literal>,
    equals the entry point (compare with <xref linkend="objdump.fp"/>).
    This is nowhere specified in the standard. But further down it is
    demonstrated on <filename>&config.PATH.SH;</filename>. See
    <xref linkend="scan.entry.point"/> for empirical prove.
  </simpara>
  <simpara
    >The relation between file size and ELF header is more complicated.
    In most executables the section header table itself is the last
    region of the file. But there is a second kind where the section
    described by the last item of the section header table is the last
    region of the file. With <application>gcc</application> the type
    of this last section is always <literal>SHT_STRTAB</literal>.
    Some of Sun's native sparc executables have a section called
    <literal>.comment</literal> (type <literal>SHT_PROGBITS</literal>)
    there instead. See <xref linkend="scan.filesize"/> for empirical prove.
  </simpara>
</sect2>

<sect2 id="sections.of.sh" xreflabel="Sections of &calc.target.sh;">
  <title>Sections of &calc.target.sh;</title>

  <simpara
    >Let's zoom in on our target. <footnoteref linkend="note.target.sh"/>.
  </simpara>

  &xml.sections.sh.readelf;

  <simpara
    ><acronym>LSB</acronym> &note.lsb; has a good overview of section
    names. &note.lsb.specialsections;
    Anyway, a detailed look on section <literal>.text</literal> shows
    that its start address (&calc.sh.text.addr.X;) equals the entry point
    (compare with <xref linkend="segments.of.sh"/>).
  </simpara>

</sect2>
