<epigraph>
  <para><simplelist><member
    >Well, my terminal's locked up, and I ain't got any Mail,</member
    ><member
    >And I can't recall the last time that my program didn't fail;</member
    ><member
    >I've got stacks in my structs, I've got arrays in my queues,</member
    ><member
    >I've got the : Segmentation violation -- Core dumped blues.</member
  ></simplelist></para>
</epigraph>

<simpara
  ><acronym>ELF</acronym> provides two parallel views of a file's
  contents. The linking view is defined by the section header table,
  an array of <literal>&config.ELF.SHDR;</literal>. The execution
  view is defined by the program header table, an array of
  <literal>&config.ELF.PHDR;</literal>.
</simpara>
<simpara
  >Theoretically the <acronym>ELF</acronym> specification is quite
  liberal. Position, contents and order of sections and segments are
  not restricted. But in real life an operating system is to used to
  just one program loader, one linker and few compilers.
  This makes the work of virus writers easier. We can reverse engineer
  the de-facto standard, a tiny subset of what the <acronym>ELF</acronym>
  standard allows. On a typical system only a minority of programs
  violates this subset, so ignoring them does not lower chances of
  survival.
</simpara>
<simpara
  >All headers necessary to execute a program are stuffed into the
  first page (0x&config.ELF.PAGE.SIZE; bytes on &config.ARCH;),
  probably to simplify the design of an OS' executable format
  detector.
  Dynamically linked executables require a few program headers more
  than static executables, but that's about all the variation there
  is. In any case the program header of the code segments is followed
  by the program header of the data segment. Static executables have
  the code segment at index 0, dynamically linked executables at index 2.
</simpara>
<simpara
  >Let's get a bit more serious and examine the assembly program from
  <xref linkend="language.of.evil"/>. A standalone executable
  built from assembler source is probably the most trivial example
  we can find.
</simpara>

<sect2 id="objdump.fp" xreflabel="objdump -fp">
  <title>objdump -fp</title>

  <formalpara>
    <title>Command: &config.PRE;/segments/objdump.sh</title>
    <para>
      <programlisting><inlinemediaobject><imageobject><imagedata
	format="linespecific"
	fileref="../../&config.PRE;/segments/objdump.sh"
      /></imageobject></inlinemediaobject></programlisting>
    </para>
  </formalpara>
  <formalpara>
    <title>Output: &config.OUT;/segments/objdump</title>
    <para>
      <programlisting><inlinemediaobject><imageobject><imagedata
	format="linespecific"
	fileref="../../&config.OUT;/segments/objdump"
      /></imageobject></inlinemediaobject></programlisting>
    </para>
  </formalpara>
</sect2>

&xml.segments.readelf;
&xml.segments.elfdump;

<sect2>
  <title>Observations</title>

  <simpara
    >Nice to see the <link linkend="e_entry">entry point</link>
    (&calc.evil.magic.entry.point.X;) again.
    Program layout is a simplified variation of
    <xref linkend="sort.of.an.answer"/>.
    The value of <literal>FileSiz</literal> includes
    <acronym>ELF</acronym> header and program header.
  </simpara>
  <blockquote>
    <title>Overhead:</title>
    <simpara><literal
      >overhead = Entry point - VirtAddr =</literal
    ></simpara><simpara><literal
      >&calc.evil.magic.start.X; - &calc.base.addr; =
      &calc.evil.magic.ofs.X; = &calc.evil.magic.ofs.D; bytes</literal
    ></simpara>
  </blockquote>
  <blockquote>
    <title>Effective code size:</title>
    <simpara><literal>code size = FileSiz - overhead =</literal
    ></simpara><simpara><literal
      >&calc.evil.magic.LOAD1.filesiz.X; -
      &calc.evil.magic.ofs.X; =
      &calc.evil.magic.codesize.X; =
      &calc.evil.magic.codesize.D;
      bytes</literal
    ></simpara>
  </blockquote>
  <simpara
    >This matches with the
    <link linkend="devil.in.disguise">disassembly listing</link>.
    However, the ratio of file size to effective code deserves the title
    <quote>Bloat</quote>, with capital B.
    Only &calc.evil.magic.bloat.percent; percent of the file actually
    do something useful!
  </simpara>
  <blockquote>
    <title>Bloat factor:</title>
    <simpara><literal
      >code size / file size =
      &calc.evil.magic.codesize.D; /
      &calc.evil.magic.0.size.D; =
      &calc.evil.magic.bloat;</literal
    ></simpara>
  </blockquote>

</sect2>
<sect2 id="segments.of.sh" xreflabel="Segments of &calc.target.sh;">
  <title>Segments of &calc.target.sh;</title>

  <simpara
    >Anyway, we see that even for trivial examples the code is surrounded
    by lots of other stuff. Let's zoom in on our target.
    <footnoteref linkend="note.target.sh"/>.
  </simpara>

  &xml.segments.sh.readelf;

  <simpara
    >Looks intimidating. But then the <acronym>ELF</acronym> specification
    says that only segments of type <quote>LOAD</quote> are considered for
    execution. Since the flags of the first one include
    <quote>execute</quote> but not <quote>write</quote> it must be the
    code segment. The other one has the <quote>write</quote> flags set,
    so it must be the data segment. There is one possible deviation:
    On sparc-sunos most executables built by Sun feature a data segment
    with <quote>execute</quote> flag.
  </simpara>

  <simpara
    ><literal>MemSiz</literal> (&calc.sh.LOAD2.memsiz.X;) is larger
    than <literal>FileSiz</literal> (&calc.sh.LOAD2.filesiz.X;) in
    the data segment. Just like with
    <citerefentry>
      <refentrytitle>mmap</refentrytitle>
      <manvolnum>2</manvolnum>
    </citerefentry>
    excessive bytes are defined to be initialized with 0.
    The linker takes advantages of that by grouping all variables
    that should be initialized to zero at the end. Note that the last
    section of segment 3 (counting starts with 0) is called
    <literal>.bss</literal>, the traditional name for this kind of area.
  </simpara>
  <simpara
    >The mapping for segment 2 looks even more complex. But I would guess
    that <literal>.rodata</literal> means <quote>read-only data</quote>
    and <literal>.text</literal> contains productive code, as opposed
    to the administrative stuff in the other sections.
  </simpara>
  <simpara
    >Some executables of Red Hat 8.0 have an additional program header of
    type <literal>GNU_EH_FRAME</literal>. <!-- FIXME -->
  </simpara>

</sect2>
<sect2  id="self.modifying.code" xreflabel="Self modifying code">
  <title>Self modifying code</title>

  <simpara
    >Previous examples in <xref linkend="language.of.evil"/> used an
    <literal>__attribute__</literal> clause to put the code into
    section <literal>.text</literal>. Without that it would end up
    in section <literal>.rodata</literal>. Both are members of the
    code segment which is executable in it its entireness; in this
    regard that would make no difference.
    But what about putting the code a write enabled data segment?
    These settings can probably be changed by
    <citerefentry>
      <refentrytitle>mprotect</refentrytitle>
      <manvolnum>2</manvolnum>
    </citerefentry>.
    <footnote><simpara
      >The matter is actually quite complex. Theo de Raadt himself
      describes the problems they had with making OpenBSD more
      secure at &url.openbsd.non.exec;
    </simpara></footnote>
    But what are the default settings?
  </simpara>
  <simpara
    >Our minimal example is position independent and can be
    moved around freely. We need a slight modification to
    be able to call it like a function, though.
  </simpara>

  <formalpara>
    <title>Output = Source: &config.OUT;/evil_magic/func.inc</title>
    <para>
      <programlisting><inlinemediaobject><imageobject><imagedata
	format="linespecific"
	fileref="../../&config.OUT;/evil_magic/func.inc"
      /></imageobject></inlinemediaobject></programlisting>
    </para>
  </formalpara>

  <simpara
    >The program using this piece is platform independent.
    You will find it at &yref.self.modifying.code;.
    Below is the output. The 
  </simpara>

  <formalpara>
    <title>Output: &config.OUT;/evil_magic/self_modify</title>
    <para>
      <programlisting><inlinemediaobject><imageobject><imagedata
	format="linespecific"
	fileref="../../&config.OUT;/evil_magic/self_modify"
      /></imageobject></inlinemediaobject></programlisting>
    </para>
  </formalpara>

</sect2>
