<epigraph>
  <attribution>Darth Vader</attribution>
  <simpara
    >Don't be too proud of this technological terror you've constructed.
    The ability to destroy a planet is insignificant next to the power
    of the Force.
  </simpara>
</epigraph>

<para
  >Another interesting thing in the output of
  <xref linkend="segments.of.sh"/> is the distance between the two
  LOAD segments:
  <blockquote>
    <para
      ><literal>VirtAddr</literal>[2] -
      <literal>VirtAddr</literal>[1] -
      <literal>MemSiz</literal>[1] =
      &calc.sh.LOAD2.virtaddr.X; - 
      &calc.sh.LOAD1.virtaddr.X; -
      &calc.sh.LOAD1.memsiz.X; =
      &calc.sh.LOAD2.virt.diff.X; =
      &calc.sh.LOAD2.virt.diff.D; bytes
    </para>
    <para
      ><literal>Offset</literal>[2] -
      <literal>Offset</literal>[1] -
      <literal>FileSiz</literal>[1] =
      &calc.sh.LOAD2.offset.X; - 
      &calc.sh.LOAD1.offset.X; -
      &calc.sh.LOAD1.filesiz.X; =
      &calc.sh.LOAD2.file.diff.X; =
      &calc.sh.LOAD2.file.diff.D; bytes
    </para>
  </blockquote>
</para>
<simpara
  >Only &calc.sh.LOAD2.diff.align.D; bytes
  (&calc.sh.LOAD2.diff.align.X;) would be needed to align the first
  LOAD segment up to the alignment of &calc.sh.LOAD1.align.X;.
  For some reason at least one complete page lies between code
  segment and data segment. Is this gap target for a virus? Well,
  that depends. See &yref.segment.padding; for a general introduction.
  Anyway, the interesting thing in the output below is the
  value of <literal>_SC_PAGESIZE</literal>. We can fill the
  gap only in chunks of that size.
</simpara>

<formalpara>
  <title>Output: &config.OUT;/segment_padding/sysconf</title>
  <para>
    <programlisting><inlinemediaobject><imageobject><imagedata
      format="linespecific"
      fileref="../../&config.OUT;/segment_padding/sysconf"
    /></imageobject></inlinemediaobject></programlisting>
  </para>
</formalpara>

<sect2 id="off.we.go">
  <title>Off we go</title>

  <simpara
    >We found a peculiarity. We verified its existence at
    <xref linkend="scan.segments"/>. We have a basic framework at
    &yref.one.step.closer; and implemented the specific infection
    method at &yref.segment.padding;. The code to insert is at
    <xref linkend="infection.1"/>. Time to let them all play together;
    using the script at &yref.cc.sh;.
  </simpara>

  <formalpara>
    <title>Output: &config.OUT;/segment_padding/e1i1/cc</title>
    <para>
      <programlisting><inlinemediaobject><imageobject><imagedata
        format="linespecific"
	fileref="../../&config.OUT;/segment_padding/e1i1/cc"
      /></imageobject></inlinemediaobject></programlisting>
    </para>
  </formalpara>

  <simpara
    >Now we know that the output of the compiler is alright and the
    infector was built. So off we go. The list of target executables
    was gathered in <xref linkend="food.for.segment.padding"/>.
  </simpara>

  <formalpara>
    <title>Command: &config.PRE;/one_step_closer/infect.sh</title>
    <para>
      <programlisting><inlinemediaobject><imageobject><imagedata
        format="linespecific"
	fileref="../../&config.PRE;/one_step_closer/infect.sh"
      /></imageobject></inlinemediaobject></programlisting>
    </para>
  </formalpara>

  <formalpara>
    <title>Output: &config.OUT;/segment_padding/e1i1/infect</title>
    <para>
      <programlisting><inlinemediaobject><imageobject><imagedata
        format="linespecific"
	fileref="../../&config.OUT;/segment_padding/e1i1/infect"
      /></imageobject></inlinemediaobject></programlisting>
    </para>
  </formalpara>

  <simpara>A simple shell script will do as test.</simpara>

  <formalpara>
    <title>Output = Command: &config.OUT;/segment_padding/test-e1i1.sh</title>
    <para>
      <programlisting><inlinemediaobject><imageobject><imagedata
        format="linespecific"
	fileref="../../&config.OUT;/segment_padding/test-e1i1.sh"
      /></imageobject></inlinemediaobject></programlisting>
    </para>
  </formalpara>
  <formalpara>
    <title>Output: &config.OUT;/segment_padding/test-e1i1</title>
    <para>
      <programlisting><inlinemediaobject><imageobject><imagedata
        format="linespecific"
	fileref="../../&config.OUT;/segment_padding/test-e1i1"
      /></imageobject></inlinemediaobject></programlisting>
    </para>
  </formalpara>

  <simpara>The Force is strong with this one.
    <footnote><simpara
      >Admittedly, it is not strip-safe on SunOS.
      But I call that room for improvement.</simpara
    ></footnote
  ></simpara>

</sect2>
<sect2 id="magnifying.glass">
  <title>Magnifying glass</title>

  <simpara
    >After emotions cooled down a bit we can examine the infected executable
    and compare it with <link linkend="segments.of.sh">the original</link>.
  </simpara>

  &xml.segment.padding.readelf;

  <simpara
    >File size and code segment have grown as expected.
    Data segment and <literal>DYNAMIC</literal> segment moved accordingly:
  </simpara>
  <blockquote>
    <simpara
      >infected.file_size - original.file_size =
      &calc.infe1.0.size.D; - &calc.infe1.2.size.D;
      &calc.infe1.0.size.delta.D; =
      &calc.infe1.0.size.delta.X;
    </simpara>
    <simpara
      >infected.<literal>LOAD</literal>[1].<literal>FileSiz</literal> -
      sh.<literal>LOAD</literal>[1].<literal>FileSiz</literal> =
      &calc.infe1.LOAD1.filesiz.X; -
      &calc.sh.LOAD1.filesiz.X; =
      &calc.infe1.LOAD1.filesiz.delta.X;
    </simpara>
    <simpara
      >infected.<literal>LOAD</literal>[2].<literal>Offset</literal> -
      sh.<literal>LOAD</literal>[2].<literal>Offset</literal> =
      &calc.infe1.LOAD2.offset.X; -
      &calc.sh.LOAD2.offset.X; =
      &calc.infe1.LOAD2.offset.delta.X;
    </simpara>
    <simpara
      >infected.<literal>DYNAMIC</literal>.<literal>Offset</literal> -
      sh.<literal>DYNAMIC</literal>.<literal>Offset</literal> =
      &calc.infe1.DYNAMIC1.offset.X; -
      &calc.sh.DYNAMIC1.offset.X; =
      &calc.infe1.DYNAMIC1.offset.delta.X;
    </simpara>
  </blockquote>

  <para
    >And the new distance between the LOAD segments:
    <blockquote>
      <para
	><literal>VirtAddr</literal>[2] -
	<literal>VirtAddr</literal>[1] -
	<literal>MemSiz</literal>[1] =
	&calc.infe1.LOAD2.virtaddr.X; - 
	&calc.infe1.LOAD1.virtaddr.X; -
	&calc.infe1.LOAD1.memsiz.X; =
	&calc.infe1.LOAD2.virt.diff.X; =
	&calc.infe1.LOAD2.virt.diff.D; bytes
      </para>
      <para
	><literal>Offset</literal>[2] -
	<literal>Offset</literal>[1] -
	<literal>FileSiz</literal>[1] =
	&calc.infe1.LOAD2.offset.X; - 
	&calc.infe1.LOAD1.offset.X; -
	&calc.infe1.LOAD1.filesiz.X; =
	&calc.infe1.LOAD2.file.diff.X; =
	&calc.infe1.LOAD2.file.diff.D; bytes
      </para>
    </blockquote>
  </para>

</sect2>
<sect2>
  <title>First scan</title>

  <simpara
    >The small output of <xref linkend="scan.segments"/> includes the
    executable from last chapter. But for clarity we repeat the exercise.
  </simpara>

  <formalpara>
    <title>Command: &config.PRE;/segment_padding/scan_segment.sh</title>
    <para>
      <programlisting><inlinemediaobject><imageobject><imagedata
        format="linespecific"
	fileref="../../&config.PRE;/segment_padding/scan_segment.sh"
      /></imageobject></inlinemediaobject></programlisting>
    </para>
  </formalpara>
  <formalpara>
    <title>Output: &config.OUT;/segment_padding/scan</title>
    <para>
      <programlisting><inlinemediaobject><imageobject><imagedata
        format="linespecific"
	fileref="../../&config.OUT;/segment_padding/scan"
      /></imageobject></inlinemediaobject></programlisting>
    </para>
  </formalpara>

  <simpara
    >This is like playing chess against oneself, and losing.
    Can't do much about it, though.
  </simpara>

</sect2>
<sect2 id="second.scan" xreflabel="Second scan">
  <title>Second scan</title>

  <simpara
    >The value of <literal>Entry point</literal> changed dramatically.
    In the original it is in the first part of the file:
  </simpara>
  <blockquote>
    <simpara
      >entry_point_m/additional.cs.xml =
      &calc.sh.entry.point.X; - &calc.base.addr; = 
      &calc.sh.start.ofs.X; =
      &calc.sh.start.ofs.D; bytes.
    </simpara>
  </blockquote>

  <simpara
    >The infected copy moved that to less than
    <literal>&config.ELF.PAGE.SIZE;</literal> bytes
    from the end of the code segment.
  </simpara>

  <blockquote>
    <simpara
      >entry_point_ofs =
      &calc.infe1.entry.point.X; - &calc.base.addr; = 
      &calc.infe1.start.ofs.X; =
      &calc.infe1.start.ofs.D; bytes.
    </simpara>
    <simpara
      >end_of_LOAD1 =
      &calc.infe1.LOAD1.virtaddr.X; +
      &calc.infe1.LOAD1.filesiz.X; =
      &calc.infe1.LOAD1.virt.end.X;
    </simpara>
    <simpara
      >entry_point_distance_to_end =
      &calc.infe1.LOAD1.virt.end.X; - 
      &calc.infe1.entry.point.X; =
      &calc.infe1.entry.point.dist.to.end.X; =
      &calc.infe1.entry.point.dist.to.end.D;
    </simpara>
  </blockquote>

  <simpara
    >This alone is an easy vulnerability to scanners. But then since
    <xref linkend="scan.entry.point"/> we know for sure that with regular
    executables the entry point equals the start of section
    <literal>.text</literal>.
  </simpara>

</sect2>
