<simpara
  ><citerefentry>
    <refentrytitle>debsums</refentrytitle>
    <manvolnum>1</manvolnum>
  </citerefentry> lets you verify everything or complete packages.
  Option <option>-s</option> is described as <quote>Be silent.
  Just report problems.</quote>
</simpara>

<formalpara>
  <title>Command: &config.PRE;/packages/deb/verify.sh</title> 
  <para> 
    <programlisting><inlinemediaobject><imageobject><imagedata
      format="linespecific"
      fileref="../../&config.PRE;/packages/deb/verify.sh"
    /></imageobject></inlinemediaobject></programlisting>
  </para>
</formalpara>
<formalpara>
  <title>Output: &config.OUT;/packages/verify</title> 
  <para> 
    <programlisting><inlinemediaobject><imageobject><imagedata
      format="linespecific"
      fileref="../../&config.OUT;/packages/verify"
    /></imageobject></inlinemediaobject></programlisting>
  </para>
</formalpara>

<simpara
  >To verify against the checksums included in a package file,
  e.g. on the installation CD, instead of possibly corrupted
  database just specify the package file instead of the package
  name.
</simpara>
