<simpara
  >&config.UNAME; uses checksums based on
  <citerefentry>
    <refentrytitle>md5sum</refentrytitle>
    <manvolnum>1</manvolnum>
  </citerefentry>.
  <citerefentry>
    <refentrytitle>pkg_info</refentrytitle>
    <manvolnum>1</manvolnum>
  </citerefentry> lets you verify everything (option <option>-a</option>)
  or complete packages.
</simpara>

<formalpara>
  <title>Command: &config.PRE;/packages/FreeBSD/verify.sh</title> 
  <para> 
    <programlisting><inlinemediaobject><imageobject><imagedata
      format="linespecific"
      fileref="../../&config.PRE;/packages/FreeBSD/verify.sh"
    /></imageobject></inlinemediaobject></programlisting>
  </para>
</formalpara>
<formalpara>
  <title>Output: &config.OUT;/packages/verify</title> 
  <para> 
    <programlisting><inlinemediaobject><imageobject><imagedata
      format="linespecific"
      fileref="../../&config.OUT;/packages/verify"
    /></imageobject></inlinemediaobject></programlisting>
  </para>
</formalpara>
