<simpara
  ><citerefentry>
    <refentrytitle>rpm</refentrytitle>
    <manvolnum>1</manvolnum>
  </citerefentry> lets you verify everything or complete packages.
  A package can be specified indirectly through a file owned by it,
  though.
</simpara>

<formalpara>
  <title>Command: &config.PRE;/packages/rpm/verify.sh</title> 
  <para> 
    <programlisting><inlinemediaobject><imageobject><imagedata
      format="linespecific"
      fileref="../../&config.PRE;/packages/rpm/verify.sh"
    /></imageobject></inlinemediaobject></programlisting>
  </para>
</formalpara>
<formalpara>
  <title>Output: &config.OUT;/packages/verify</title> 
  <para> 
    <programlisting><inlinemediaobject><imageobject><imagedata
      format="linespecific"
      fileref="../../&config.OUT;/packages/verify"
    /></imageobject></inlinemediaobject></programlisting>
  </para>
</formalpara>

<simpara
  >A quick fix to lower the noise is to ignore all files flagged
  as <literal>" c "</literal>. Take the following as inspiration
  for a cron-based script.
</simpara>

<formalpara>
  <title>Command: &config.PRE;/packages/rpm/verify-all.sh</title> 
  <para> 
    <programlisting><inlinemediaobject><imageobject><imagedata
      format="linespecific"
      fileref="../../&config.PRE;/packages/rpm/verify-all.sh"
    /></imageobject></inlinemediaobject></programlisting>
  </para>
</formalpara>

<simpara
  >With option <option>-p <replaceable>package_file</replaceable></option>
  you can verify against the checksums included in a package file,
  e.g. on the installation CD.
</simpara>
