<sect2 id="ndisasm" xreflabel="ndisasm">
  <title>ndisasm</title>

  <simpara
    >The disassembly filter is based on
    <link linkend="variables.prefixed.with.tevwh"
      ><literal>TEVWH_ASM_RETURN</literal></link>,
    a regular expression in <application>perl</application> syntax.
    See &yref.objdump.format.pl; why <application>sed</application>
    is not usable.</simpara>

  <formalpara>
    <title>Command: &config.PRE;/magic_elf/ndisasm.sh</title>
    <para>
      <programlisting><inlinemediaobject><imageobject><imagedata
	format="linespecific"
	fileref="../../&config.PRE;/magic_elf/ndisasm.sh"
      /></imageobject></inlinemediaobject></programlisting>
    </para>
  </formalpara>
  <formalpara>
    <title>Output: &config.OUT;/magic_elf/ndisasm.asm</title>
    <para>
      <programlisting><inlinemediaobject><imageobject><imagedata
	format="linespecific"
	fileref="../../&config.OUT;/magic_elf/ndisasm.asm"
      /></imageobject></inlinemediaobject></programlisting>
    </para>
  </formalpara>

</sect2>
