<epigraph>
  <attribution>Franklin D. Roosevelt</attribution>
  <simpara
    >It is common sense to take a method and try it.  If it fails,
    admit it frankly and try another.  But above all, try something.
  </simpara>
</epigraph>

<simpara
  >This is the platform independent part of &yref.additional.cs;.</simpara>
<simpara
  >Adding a second code segment to an executable is a very simple
  infection method. Doing that by overwriting an otherwise unused
  program header makes the method even simpler. Another nice
  aspect is that it imposes no size limit on inserted code.
  Unfortunately the infection is trivial to detect. Too trivial, 
  in fact. <xref linkend="get.seg"/> will bitterly complain about
  about three <literal>LOAD</literal> segments instead of two,
  so all scanners based on the framework will detect it.
  But then even the untrained eye can spot the difference
  in the output of <application>readelf</application>.
</simpara>

<sect2 id="the.note.phdr" xreflabel="The NOTE program header">
  <title>The NOTE program header</title>

  <simpara
    >The <acronym>ELF</acronym> header includes a field called
    <varname>e_machine</varname>, a single integer value.
    It distinguishes different hardware, but not different
    operating systems. For example, mechanics of system calls differ
    between Linux/i386 and FreeBSD/i386. To describe these fine details
    a separate program header of type <literal>PT_NOTE</literal>
    is used. NetBSD documentation includes a good description in chapter
    <quote>Vendor-specific ELF Note Elements</quote>.
    &note.netbsd.elf.notes; And <acronym>LSB</acronym> has this
    to say: &note.lsb.noteabitag;
  </simpara>
  <blockquote>
    <simpara
      >Every executable shall contain a section named
      <literal>.note.ABI-tag</literal> of type
      <literal>SHT_NOTE</literal>. This section is structured as a
      note section as documented in the <acronym>ELF</acronym> spec.
      The section must contain at least the following entry. The
      name field (<varname>namesz</varname>/<varname>name</varname>)
      contains the string <literal>"GNU"</literal>. The type field
      shall be 1. The <literal>descsz</literal> field shall be at
      least 16, and the first 16 bytes of the <literal>desc</literal>
      field shall be as follows.
    </simpara>
    <simpara
      >The first 32-bit word of the <varname>desc</varname> field
      must be 0 (this signifies a Linux executable). The second,
      third, and fourth 32-bit words of the <varname>desc</varname>
      field contain the earliest compatible kernel version.
      For example, if the 3 words are 2, 2, and 5, this signifies a
      2.2.5 kernel.
    </simpara>
  </blockquote>
 
  <simpara
    >If this section is missing then the <acronym>ELF</acronym>
    loader assumes a plain native executable. On heterogeneous
    systems removal of this data should not be problem. Of course such
    modified programs will not work if they are moved to a different
    system. For example <application>netscape</application> is
    not available for FreeBSD/i386; instead people run the binary
    for Linux/i386 with a light-weight system call emulator.
    An infected instance of <filename>/usr/bin/netscape</filename>
    that is fully functional on Linux/i386 will not work on
    FreeBSD/i386. 
  </simpara>
  <simpara
    >But then above documentation talks only about section
    <literal>SHT_NOTE</literal> and complete ignores the
    program header covering the same range of bytes. It could
    well be that this infection method has no noticeable effect.
  </simpara>
  <para
    >On Solaris only a handful of executables feature a program header
    of type <literal>PT_NOTE</literal>. And while there is a section
    of type <literal>SHT_NOTE</literal> that covers this region
    of bytes, it is called <literal>.note</literal>, not
    <literal>.note.ABI-tag</literal>.
    Even stranger is <application>bash 2.03-6</application> on
    sparc-debian2.2-linux, it has both sections.
<screen
><command>readelf</command> -S /bin/sh | <command>grep</command> -i NOTE
  [ 2] .note.ABI-tag     NOTE            00010108 000108 000020 00   A   0   0 4
  [23] .note             NOTE            0009e7d8 07c56f 000974 00       0   0 1
</screen>
  </para>

</sect2>
<sect2 id="scan.note" xreflabel="Scanning for NOTE">
  <title>Scanning for NOTE</title>

  <simpara
    >The actual work is done by <xref linkend="get.seg"/>.
    The scanner just checks the result and determines minimum
    and maximum size of found segments.
  </simpara>

  <formalpara>
    <title>Source: src/scanner/additional_cs/action.inc</title>
    <para>
      <programlisting><inlinemediaobject><imageobject><imagedata
        format="linespecific"
        fileref="../src/scanner/additional_cs/action.inc"
      /></imageobject></inlinemediaobject></programlisting>
    </para>
  </formalpara>
  <formalpara>
    <title>Source: src/scanner/additional_cs/print_summary.inc</title>
    <para>
      <programlisting><inlinemediaobject><imageobject><imagedata
        format="linespecific"
        fileref="../src/scanner/additional_cs/print_summary.inc"
      /></imageobject></inlinemediaobject></programlisting>
    </para>
  </formalpara>

</sect2>
<sect2>
  <title>A simple plan</title>

  <procedure>
    <step>
      <simpara
	>Overwrite program header of type <literal>NOTE</literal>
        with a code segment definition (type <literal>LOAD</literal>).
      </simpara>
    </step>
    <step>
      <simpara
        >Append virus code at end of file.
	Our unrealistic code at &yref.infection.1;
	
	is so small that it actually fits into
	the <literal>NOTE</literal> segment. But let's just pretend
	this is real.
      </simpara>
    </step>
  </procedure>

</sect2>
<sect2 id="target.patch.phdr.2">
  <title>target_patch_phdr #2</title>

  <simpara
    >After <xref linkend="get.seg"/> set <literal>t->phdr_note</literal>
    to the correct program header this function is straightforward.
    Double infection is again impossible by design. If there is no
    <literal>PT_NOTE</literal> this target is out of reach.
  </simpara>

  <formalpara>
    <title>Source: src/additional_cs/patch_phdr.inc</title>
    <para>
      <programlisting><inlinemediaobject><imageobject><imagedata
        format="linespecific"
	fileref="../src/additional_cs/patch_phdr.inc"
      /></imageobject></inlinemediaobject></programlisting>
    </para>
  </formalpara>

</sect2>
<sect2 id="target.new.entry.addr.2">
  <title>target_new_entry_addr #2</title>

  <simpara>
    We can use any memory region not already occupied.
    Using one below the magic base of <literal>TEVWH_ELF_BASE</literal>
    avoids trouble. The room to maneuver is limited, though.
    See <xref linkend="segment.padding"/> for the column
    <quote>Pages below base</quote> and an explanation of
    <quote><literal>% TEVWH_ELF_PAGE_SIZE</literal></quote>.
  </simpara>
  <formalpara>
    <title>Source: src/additional_cs/new_entry_addr.inc</title>
    <para>
      <programlisting><inlinemediaobject><imageobject><imagedata
        format="linespecific"
	fileref="../src/additional_cs/new_entry_addr.inc"
      /></imageobject></inlinemediaobject></programlisting>
    </para>
  </formalpara>

</sect2>
<sect2>
  <title>target_patch_shdr #2</title>

  <simpara>
    Not implemented. To cover the bytes of the new <literal>LOAD</literal>
    segment with a section we would have to insert a new one in the
    array of section headers. Right now I'm not in the mood
    to invest so much time in a hopeless case.
  </simpara>
  <formalpara>
    <title>Source: src/additional_cs/patch_shdr.inc</title>
    <para>
      <programlisting><inlinemediaobject><imageobject><imagedata
        format="linespecific"
	fileref="../src/additional_cs/patch_shdr.inc"
      /></imageobject></inlinemediaobject></programlisting>
    </para>
  </formalpara>

</sect2>
<sect2 id="target.copy.and.infect.2">
  <title>copy_and_infect #2</title>

  <formalpara>
    <title>Source: src/additional_cs/copy_and_infect.inc</title>
    <para>
      <programlisting><inlinemediaobject><imageobject><imagedata
        format="linespecific"
	fileref="../src/additional_cs/copy_and_infect.inc"
      /></imageobject></inlinemediaobject></programlisting>
    </para>
  </formalpara>

</sect2>
