<?xml version="1.0"?>
<!DOCTYPE article PUBLIC "-//OASIS//DTD DocBook XML V4.1.2//EN"
  "/usr/share/sgml/docbook/xml-dtd-4.1.2-1.0-8/docbookx.dtd"
[

<!-- configuration and evaluation -->
  <!ENTITY % xml.global SYSTEM "global.xml">
  %xml.global;

  <!ENTITY config.OUT.A "i386-redhat8.0-linux">
  <!ENTITY config.OUT.B "sparc-debian2.2-linux">
  <!ENTITY config.OUT.C "sparc-sunos5.9">
  <!ENTITY config.OUT.DEFAULT "&config.OUT.A;">

  <!ENTITY % xml.yref SYSTEM "yref.xml">
  %xml.yref;

<!-- chapter entities -->

  <!ENTITY xml.intro SYSTEM "intro.xml">
  <!ENTITY xml.platforms SYSTEM "platforms.xml">
  <!ENTITY xml.scratch SYSTEM "scratch.xml">
  <!ENTITY xml.dual.use.technology SYSTEM "dual.use.technology.xml">
  <!ENTITY xml.one.step.closer SYSTEM "one.step.closer.xml">
  <!ENTITY xml.scanners SYSTEM "scanners.xml">
  <!ENTITY xml.segment.padding SYSTEM "segment.padding.xml">
  <!ENTITY xml.additional.cs SYSTEM "additional.cs.xml">
  <!ENTITY xml.rst SYSTEM "rst.xml">
  <!ENTITY xml.revision.history SYSTEM "revision.history.xml">
  <!ENTITY xml.mirrors SYSTEM "mirrors.xml">

<!-- relative links -->

  <!ENTITY relative.archive "../../archive">
  <!ENTITY relative.nai "../../feedback/de/nai">

]>
<article id="index">

<articleinfo>

  &xml.author;
  <titleabbrev>TEVWH</titleabbrev>
  <subtitle>Introduction</subtitle>

  <!-- 
    post link-time code modification of <acronym>ELF</acronym>
    executables under &config.HOSTTYPE;.
  -->

  <abstract
    ><simpara
      >This document describes how to write parasitic file viruses
      infecting <acronym>ELF</acronym> executables.
      Though it contains a lot of source code, no actual virus is
      included.  Every mentioned infection method is accompanied
      with a practical guide to detection.
    </simpara><simpara
      ><emphasis role="strong">Viruses are not a threat to Linux!</emphasis>
      <footnote><simpara
	>The first release of this document covered only Linux/i386.
	Among the platforms using <acronym>ELF</acronym> it is
	considered the most viable for virus spread.
      </simpara></footnote>
    </simpara><simpara
      >A quote from Rick's Rant on anti-virus software:
      &note.rick.rant.virus;
    </simpara><simpara
      ><emphasis
	>The problem with answering this question is that those asking
	it know only OSes where viruses, trojan-horse programs, worms,
	nasty Java scripts, ActiveX controls with destructive payloads,
	and ordinary misbehaved applications are a constant threat to
	their computing. Therefore, they refuse to believe Linux
	could be different, no matter what they hear. And yet it is. 
      </emphasis>
    </simpara>
  </abstract>

  <revhistory>
    <revision>
      <revnumber>
        <link linkend="&config.revid;">&config.revnumber;</link>
      </revnumber>
      <date>&config.revdate;</date>
      <revremark
        >Systematic search for infection targets with scanner.
      </revremark>
    </revision>
  </revhistory>

</articleinfo>

<sect1 id="intro" xreflabel="Introduction">
  <title>Introduction</title>
  &xml.intro;
</sect1>
<sect1 id="platforms" xreflabel="Platforms">
  <title>Platforms</title>
  &xml.platforms;
</sect1>
<sect1 id="scratch" xreflabel="Scratch pad">
  <title>Scratch pad</title>
  &xml.scratch;
</sect1>
<sect1 id="dual.use.technology" xreflabel="Dual use technology">
  <title>Dual use technology</title>
  &xml.dual.use.technology;
</sect1>
<sect1 id="one.step.closer" xreflabel="One step closer to the edge">
  <title>One step closer to the edge</title>
  &xml.one.step.closer;
</sect1>
<sect1 id="scanners" xreflabel="Scanners">
  <title>Scanners</title>
  &xml.scanners;
</sect1>
<sect1 id="segment.padding" xreflabel="Segment padding infection">
  <title>Segment padding infection</title>
  &xml.segment.padding;
</sect1>
<sect1 id="additional.cs" xreflabel="Additional code segments">
  <title>Additional code segments</title>
  &xml.additional.cs;
</sect1>
<sect1 id="rst" xreflabel="Remote shell trojan">
  <title>Remote shell trojan</title>
  &xml.rst;
</sect1>

<appendix id="license.FDL" xreflabel="GNU Free Documentation License">
  <title>GNU Free Documentation License</title>
  <!--
   ! 2002-04-11 Alexander Bartolich
   ! A plain mediobject produces unreadable text without
   ! line breaks or paragraphs on my RedHat 7.2 setup.
  -->
  <simpara>See &url.fdl; for details and updates.</simpara>
  <programlisting><inlinemediaobject><imageobject><imagedata
    fileref="../FDL.txt"
    format="linespecific"
  /></imageobject></inlinemediaobject></programlisting>
</appendix>

<appendix id="license.GPL" xreflabel="GNU General Public License">
  <title>GNU General Public License</title>

  <simpara>See &url.gpl; for details and updates.</simpara>
  <programlisting><inlinemediaobject><imageobject><imagedata
    fileref="../GPL.txt"
    format="linespecific"
  /></imageobject></inlinemediaobject></programlisting>
</appendix>
<appendix id="revision.history" xreflabel="Revision history">
  <title>Revision history</title>
  &xml.revision.history;
</appendix>
<appendix id="mirrors" xreflabel="Mirrors">
  <title>Mirrors</title>
  &xml.mirrors;
</appendix>

</article>
