<simpara
  >This document is not yet officially accepted by LDP.
  You might want to look at the discussion on LDP-discuss.
  <footnote><simplelist><member
    >Entry to archive is &url.list.linuxdoc;</member><member
    >Relevant discussion happened March 2002:
    &url.list.linuxdoc.virus;</member><member
    >The intermediate agreement: &url.list.linuxdoc.settle;</member><member
    >First of all I will finish the document. Then it will get a regular
    review (not sure who they will find to do it, though).
  </member></simplelist></footnote>
  There also was an interesting discussion at kuro5hin (perhaps because
  I did not participate). &note.kuro5hin.virus;
  For the time being you will find the document at the following sites.
</simpara>

<simplesect id="archive">
  <title>Archive</title>

  <simpara
    >Every <quote>regular</quote> site hosts complete source of this
    release and all previous versions: <ulink url="&relative.archive;"
    >&relative.archive;</ulink>.
  </simpara>
  <simpara
    >A document version takes two files in the archive.
    The date format is <literal>yyyy-mm-dd</literal>.
    Obviously there can be only one new version per day.
    For example:
  </simpara>
  <simplelist>
    <member><literal
      >virus-writing-HOWTO-2003-01-09.html.tar.gz</literal></member>
    <member><literal
      >virus-writing-HOWTO-2003-01-09.tar.gz</literal></member>
  </simplelist>
  <simpara><ulink url="MD5SUM.txt">MD5SUM.txt</ulink></simpara>

</simplesect>
<simplesect id="sites.directly.updated">
  <title>Sites directly updated by me</title>

  <variablelist id="directly.updated.by.me">
    <varlistentry>
      <term>Austria</term>
      <listitem><simpara
	  >&url.mirror.enemy;
	  <footnote><simpara
	    >Thanks go to <ulink url="&http.enemy;">enemy.org</ulink
	  ></simpara></footnote>
	</simpara><simpara
	  >&url.mirror.wildsau;
	  <footnote><simpara
	    >Thanks go to <ulink url="&http.wildsau;/~herp"
	    >Herbert Rosmanith</ulink></simpara
	  ></footnote>
	</simpara><simpara
	  >&url.mirror.bartolich;
	</simpara>
      </listitem>
    </varlistentry>
    <varlistentry>
      <term>Germany</term>
      <listitem><simpara
	>&url.mirror.tms;
	<footnote><simpara
	  >Thanks go to <ulink url="mailto:andreas@dicp.de"
	  >Andreas Thienemann</ulink
	></simpara></footnote>
      </simpara></listitem>
    </varlistentry>
    <varlistentry>
      <term>USA</term>
      <listitem><simpara
	>&url.mirror.lwfug; <!-- ringram@gargoylecc.com -->
	<footnote><simpara
	  >Thanks go to <ulink url="&http.lwfug;"
	  >Laramie Wyoming Freenix User's Group</ulink
	></simpara></footnote
      ></simpara></listitem>
    </varlistentry>
  </variablelist>

  <simpara
    >Geographic location is based on
    <ulink url="&http.netgeo;">&http.netgeo;</ulink>.
    An interesting variation on the topic is the applet at
    <ulink url="&http.visualroute;">&http.visualroute;</ulink>.
    Anyway, in two cases people convinced me that their server
    really is somewhere else.
  </simpara>

</simplesect>
<simplesect id="independent.sites">
  <title>Independent sites</title>

  <variablelist>
    <varlistentry>
      <term>Austria</term>
      <listitem><simpara
	>&url.mirror.synflood;
	<footnote><simpara
	  >Thanks go to <ulink url="&http.synflood;">synflood.at</ulink
	></simpara></footnote>
      </simpara></listitem>
    </varlistentry>
    <varlistentry>
      <term>France</term>
      <listitem><simpara
	>&url.mirror.l0t3k; <!-- webmaster@code-avalanches.org -->
      </simpara></listitem>
    </varlistentry>
    <varlistentry>
      <term>Germany</term>
      <listitem><simpara
	>&url.mirror.mxscan; <!-- jmb@mxscan.homedns.org -->
	<footnote><simpara
	  >Thanks go to <ulink url="&http.mxscan;">mxscan</ulink
	></simpara></footnote>
      </simpara></listitem>
    </varlistentry>
    <varlistentry>
      <term>Poland</term>
      <listitem><simpara
	>&url.mirror.wasylysp;
	<!-- Pawel Wasylyszyn, wasylysp@cut-it.wizard.ae.krakow.pl -->
      </simpara><simpara
	>&url.mirror.linuxdox; <!-- rafal skoczylas, nils@secprog.org -->
      </simpara></listitem>
    </varlistentry>
    <varlistentry>
      <term>USA</term>
      <listitem><simpara
	>&url.mirror.cbcg; <!-- toby@cbcg.net -->
	<footnote><simpara
	  >Thanks go to <ulink url="&http.cbcg;"
	  >Cipher Block Chain Gang</ulink
	></simpara></footnote
      ></simpara><simpara
	>&url.mirror.peaceful; <!-- unmadindu@Softhome.net -->
	<footnote><simpara
	  >Thanks go to <ulink url="&http.peaceful;">Peaceful Action</ulink
	></simpara></footnote
      ></simpara></listitem>
    </varlistentry>
  </variablelist>

</simplesect>
<simplesect id="do.it.yourself">
  <title>Do it yourself</title>

  <simpara
    >You are free to mirror this document anyway you like
    (that's pretty obvious given the
    <link linkend="license.FDL">license</link>).
    And if you give me notice I will add your site to the list above.
    However, I ask for a few things:
  </simpara>
  <itemizedlist>
    <listitem>
      <simpara
	>Make a complete copy, including
	<ulink url="&relative.archive;">&relative.archive;</ulink>
	and <ulink url="&relative.nai;">&relative.nai;</ulink>.
      </simpara>
    </listitem>
    <listitem>
      <simpara
        >Keep the directory structure.
	Otherwise these relative links won't work.
      </simpara>
    </listitem>
    <listitem>
      <simpara
        >Check the sites in
	<link linkend="directly.updated.by.me">Directly updated by me</link>
	for updates.
      </simpara>
    </listitem>
  </itemizedlist>

  <simpara
    >I use the following script to keep my sites updated.
    It should be started daily via <application>cron</application>.
    The script tries to download todays version from the archive
    at another site. If <application>wget</application> succeeds
    the two downloaded files are stored in the local archive and
    the document directory is replaced by the new version. 
    The directory layout is assumed to be that of a regular user
    publishing directory <filename>~/public_html</filename>.
  </simpara> 
  <simpara
    >The script accepts a single argument, a date, specified as
    <literal>yyyy-mm-dd</literal>. This argument defaults to
    <quote>today</quote>. To gracefully cover different time zones
    the script tries to download <quote>yesterday</quote> if
    <quote>today</quote> fails. 
  </simpara> 

  <programlisting><inlinemediaobject><imageobject><imagedata
    fileref="../etc/wget.sh" format="linespecific"
  /></imageobject></inlinemediaobject></programlisting>

</simplesect>
<simplesect id="some.emails">
  <title>Some emails</title>

  <simpara
    >The document was initially hosted on a recreational machine
    at the University of Linz in Austria. German speaking readers
    might find the exchange of
    <ulink url="&relative.nai;">emails</ulink> between
    Network Associates, Inc. and the admin of the original
    web-site interesting. There are rumors that this eventually
    lead to the removal of my pages.
  </simpara>
  <simpara
    >Anyway, university officials handled the matter in style.
    I can understand that they don't want to be associated with
    such delicate matters. No bad feelings there.
    But the technical expertise of a world class anti-virus company
    deserves broad audience. Here is my humble translation of the
    first mail:
  </simpara>

  <blockquote>
    <simpara>Dear Sirs,</simpara>
    <simpara
      >Our anti-virus team reports that instructions for the construction
      of Linux computer viruses are located on the network of the
      University of Linz. Since these documents can be used as
      building plan for the creation of dangerous viruses,
      we recommend to remove the corresponding pages from the WWW server.
    </simpara>
    <simpara
      >The link is:
      <literal>http://wildsau.idv.uni-linz.ac.at/~k3032e4/</literal>
    </simpara>
    <simplelist type="vert" columns="1">
      <member>Yours sincerely</member>
      <member>DI Thomas Steiner</member>
      <member>Network Associates, Inc.</member>
    </simplelist>
  </blockquote>

  <simpara
    >The humorous reply is beyond my capabilities of translation.
    I'll just continue with the second mail from <acronym>NAI</acronym>.
  </simpara>

  <blockquote>
    <simpara>Dear Mr. Rosmanith,</simpara>
    <simpara
      >I must say that your ironic remarks don't contribute to ease
      the relationship between University and business world.
      The nature of your feedback gives cause for concern,
      especially since you don't object to distribution of virus
      construction kits. This is sad and disturbing.
    </simpara>
    <simpara
      >The reason for our advise is the tendency of affected companies
      to sue web providers (and Universities) offering malware or
      virus kits acting as knowledge base for new virus derivatives
      for horrendous compensation.
    </simpara>
    <simpara
      >Usually our warnings are received positively and
      are not answered with infantile ignorance, as in your case.
    </simpara>
    <simpara>Hereby we have given you notice of the dangers.</simpara>
    <simplelist type="vert" columns="1">
      <member>Yours sincerely</member>
      <member>DI Thomas Steiner</member>
      <member>Network Associates, Inc.</member>
    </simplelist>
  </blockquote>

  <simpara>A hilarious reply to this got no answer.</simpara>

</simplesect>
