<epigraph>
  <attribution>Donald J. Atwood, General Motors</attribution>
  <simpara
    >To take a significant step forward, you must make a series of finite
    improvements.</simpara>
</epigraph>

<simpara
  >The first two functions are used by both scanners and infectors.
  The rest is specific to infectors but independent of infection methods. 
</simpara>

<sect2 id="target.is.elf">
   <title>target_is_elf</title>

  <simpara
    >A visible virus is a dead virus. Breaking things is quite the
    opposite of invisibility. So before you even think about polymorphism
    and stealth mechanisms you should go sure your code does nothing
    unexpected.
    On the other hand exhaustive checks of target files will severely
    increase code size. And verifying signatures and other constant
    values is likely to make the virus code itself a constant signature.
    A better approach is to compare the target with the host executable
    currently running the virus. <literal>SELF</literal> is defined
    in <xref linkend="target.h"/>.
  </simpara>
  <simpara
    >Finding a meaningful set of tests is an art in it itself.
    For example some executables of Red Hat 8.0 have an additional
    program header of type <literal>GNU_EH_FRAME</literal>.
    This means that <varname>e_phnum</varname> can differ between
    infector and target.
  </simpara>

  <formalpara>
    <title>Source: src/one_step_closer/is_elf.inc</title>
    <para>
      <programlisting><inlinemediaobject><imageobject><imagedata
        format="linespecific"
	fileref="../src/one_step_closer/is_elf.inc"
      /></imageobject></inlinemediaobject></programlisting>
    </para>
  </formalpara>

</sect2>
<sect2 id="get.seg" xreflabel="target_get_seg">
  <title>target_get_seg</title>

  <simpara
    >Finding code and data segment in a loop is really overkill.
    Usual installations are populated by just two kinds of executables,
    statically or dynamically linked. An alternative implementation
    could just check whether the first program header is type
    <literal>PT_PHDR</literal> and assume a static executable
    otherwise. Anyway, this way we can do some general checks.
    See &yref.segments; for details.
  </simpara>

  <formalpara>
    <title>Source: src/one_step_closer/get_seg.inc</title>
    <para>
      <programlisting><inlinemediaobject><imageobject><imagedata
        format="linespecific"
	fileref="../src/one_step_closer/get_seg.inc"
      /></imageobject></inlinemediaobject></programlisting>
    </para>
  </formalpara>

</sect2>
<sect2 id="print.summary.1" xreflabel="print_summary #1">
  <title>print_summary #1</title>

  <simpara
    >Infectors provide only minimal statistics.
    See <xref linkend="print.summary.2"/>.
  </simpara>

  <formalpara>
    <title>Source: src/one_step_closer/print_summary.inc</title>
    <para>
      <programlisting><inlinemediaobject><imageobject><imagedata
        format="linespecific"
	fileref="../src/one_step_closer/print_summary.inc"
      /></imageobject></inlinemediaobject></programlisting>
    </para>
  </formalpara>

</sect2>
<sect2 id="target.action.1" xreflabel="target_action #1">
  <title>target_action #1</title>

  <simpara
    >This is the logic of all infectors based on the framework.
    Scanners do something different, see <xref linkend="target.action.2"/>.
  </simpara>

  <formalpara>
    <title>Source: src/one_step_closer/action.inc</title>
    <para>
      <programlisting><inlinemediaobject><imageobject><imagedata
        format="linespecific"
	fileref="../src/one_step_closer/action.inc"
      /></imageobject></inlinemediaobject></programlisting>
    </para>
  </formalpara>

</sect2>
<sect2 id="target.patch.entry.addr.1">
  <title>target_patch_entry_addr #1</title>

  <simpara
    >Modifying <literal>e_entry</literal> is the obvious way to
    activate inserted code. It is quite simple to detect, however.
    See &yref.entry.point; for possible improvements.
    Directory name <filename>e1</filename> means that this
    is the first (orthogonal) implementation.
    The issue is independent of the chosen infection method. Well,
    almost independent. Entry point obfuscation generally means that
    virus code is activated later. Some infection methods must clean
    up things or the target will crash, though.
  </simpara>
  <simpara
    >Anyway, without this function the behavior of the target is
    not modified. If the infection methods prevents double infection
    by design, this can be used for vaccination in the true meaning
    of the word: Infection with a deactivated mutation makes the
    target immune against less friendly attackers.
  </simpara>

  <formalpara>
    <title>Source: src/one_step_closer/e1/patch_entry_addr.inc</title>
    <para>
      <programlisting><inlinemediaobject><imageobject><imagedata
        format="linespecific"
	fileref="../src/one_step_closer/e1/patch_entry_addr.inc"
      /></imageobject></inlinemediaobject></programlisting>
    </para>
  </formalpara>

</sect2>
<sect2 id="target.open.dst">
  <title>target_open_dst</title>

  <simpara
    >Infectors write a modified copy of the target into the current
    directory. The file name is build by appending the letters
    <literal>_infected</literal>. It really should be hard to overlook.
  </simpara>

  <formalpara>
    <title>Source: src/one_step_closer/open_dst.inc</title>
    <para>
      <programlisting><inlinemediaobject><imageobject><imagedata
        format="linespecific"
	fileref="../src/one_step_closer/open_dst.inc"
      /></imageobject></inlinemediaobject></programlisting>
    </para>
  </formalpara>

</sect2>
<sect2 id="target.write.infection.1"
  xreflabel="target_write_infection #1">
  <title>target_write_infection #1</title>

  <simpara
    >This function is called from within
    <xref linkend="target.copy.and.infect.1"/>.
    This implementation of <literal>target_write_infection</literal>
    does not require a special infection method but is not insertable
    itself. See &yref.doing.it.in.c; for something more realistic.
    Anyway, <varname>infection</varname> is an array of bytes generated
    by <xref linkend="dressing.up.binary.code"/>. Constant
    <constant>ENTRY_POINT_OFS</constant> points to the location
    inside this array to patch with the original entry address.
  </simpara>

  <formalpara>
    <title>Source: src/one_step_closer/write_infection.inc</title>
    <para>
      <programlisting><inlinemediaobject><imageobject><imagedata
        format="linespecific"
	fileref="../src/one_step_closer/write_infection.inc"
      /></imageobject></inlinemediaobject></programlisting>
    </para>
  </formalpara>

</sect2>
