<epigraph>
  <attribution>R. W. Hamming</attribution>
  <simpara>You cannot have a science without measurement.</simpara>
</epigraph>

<simpara
  >Building executables from C source code is a complex task.
  An innocent looking call of <application>gcc</application>
  will invoke a pre-processor, a multi-pass compiler, an assembler
  and finally a linker.
  Using all these tools to plant virus code into another executable
  makes the result either prohibitively large, or very dependent on
  the completeness of the target installation.
</simpara>
<simpara
  >Real viruses approach the problem from the other end. They are
  aggressively optimized for code size and do only what's absolutely
  necessary. Basically they just copy one chunk of code and patch a few
  addresses at hard coded offsets.
</simpara>
<para
  >However, this has drastic effects:
  <itemizedlist>
    <listitem><simpara
      >Since we directly copy binary code, the virus is restricted
      to a particular hardware architecture.
    </simpara></listitem>
    <listitem><simpara
      >Code must be position independent.
    </simpara></listitem>
    <listitem><simpara
      >Code cannot use shared libraries; not even the C runtime library.
    </simpara></listitem>
    <listitem><simpara
      >We cannot allocate global variables in the data segment.
    </simpara></listitem>
  </itemizedlist>
</para>
<simpara
  >There are ways to circumvent these limitations. But they are
  complicated and make the virus more likely to fail.
</simpara>

<sect2 id="executable.and.linkable.format"
  xreflabel="Executable and linkable format">
  <title>Executable and linkable format</title>

  <simpara
    >Another natural limitation of viruses is rigid dependency on the
    file format of target executables. These formats differ a lot.
    Even on the same hardware architecture and under the same
    operating system. Furthermore executable are not designed with
    post link-time modifications in mind. It's rare for a virus to
    support more than one infection method. This document is about
    the format used on recent versions of Linux, FreeBSD and Solaris.
    <footnote><simpara
      >All examples for Solaris use the value returned by 
      <citerefentry> 
	<refentrytitle>uname</refentrytitle>
	<manvolnum>2</manvolnum>
      </citerefentry> as system name, i.e. <quote>SunOS</quote>.
      And the version numbers as told by marketing make little sense.
      See &url.solaris.versions;
    </simpara></footnote>
  </simpara>

  <simplesect>
    <title>Documentation</title>

    <simpara>This format is well documented. Some public resources:</simpara>
    <simplelist>
      <member
	>Source code of Linux and FreeBSD.
	Admittedly not for the faint of heart.
	<footnote><simpara>
	  A nice introduction for the uninitiated is &url.GUIDE.tlk.4.8;
	</simpara></footnote>
      </member><member
	><filename>/usr/include/elf.h</filename>
	<footnote><simpara
	  >Present on Linux (part of glibc), FreeBSD and SunOS.
	</simpara></footnote>
      </member><member
	>Portable Formats Specification, Version 1.1.
	<footnote id="note.elf.specification">
	  <simplelist>
	    <member>Canonical Postscript document:
	      &url.elf.spec.canonical;</member>
	    <member>A flat-text version:
	      &url.elf.spec.flat.text;</member>
	  </simplelist>
	</footnote>
      </member><member
	>Linux Standard Base Specification &note.lsb.objformat;
      </member><member
	>NetBSD ELF FAQ &note.netbsd.elf;
      </member><member
	>Creating Really Teensy ELF Executables for Linux
	&note.teensy.executables;
      </member> 
    </simplelist>

    <simpara>A quote from the Portable Formats Specification:</simpara>
    <blockquote>
      <simpara
	>The Executable and Linking Format was originally developed
	and published by UNIX System Laboratories
	(<acronym>USL</acronym>) as part of the Application Binary
	Interface (<acronym>ABI</acronym>). The Tool Interface
	Standards committee (<acronym>TIS</acronym>) has selected
	the evolving <acronym>ELF</acronym> standard as a portable
	object file format that works on 32-bit Intel Architecture
	environments for a variety of operating systems.
      </simpara>
    </blockquote>
    <simpara
      >Actually <acronym>ELF</acronym> covers object files
      (<filename>.o</filename>), shared libraries
      (<filename>.so</filename>) and executable files.
      The Linux kernel <footnote><simpara
	>This means file <filename>vmlinux</filename>.
	<filename>vmlinuz</filename> is compressed and prefixed
	with a boot-sector. See &url.GUIDE.tlk.4.8;
      </simpara></footnote>
      is also a valid <acronym>ELF</acronym> file.
    </simpara>

  </simplesect>
  <simplesect>
    <title>Viewers</title>

    <simpara
      ><application>GNU binutils</application> provides two utilities
      to view <acronym>ELF</acronym> headers,
      <application>objdump</application> and
      <application>readelf</application>.
      <footnote><simpara
        ><application>readelf</application> is included only since
	version 2.10 of <application>GNU binutils</application> and
	is missing on old distributions like SuSE 6.0.
	This might be the reason that <link linkend="credits"
	>Silvio Cesare</link> does not mention
	<application>readelf</application> anywhere in his classic works.
      </simpara></footnote>
      Functionality of both tools overlap, but I think the output of
      <application>readelf</application> is nicer.
      On Solaris the native tools for this purpose are called
      <application>dump</application> and
      <application>avdp</application>.
    </simpara>

  </simplesect>
</sect2>
<sect2 id="assembly.documentation"
  xreflabel="Assembly language documentation">
  <title>Assembly language documentation</title>

  <simpara
    ><acronym>ELF</acronym> is used for a variety of both 32 bit
    and 64 bit architectures. Obviously you need to handle
    assembly language for each platform. A good starting
    point is <quote>Linux Assembly</quote> &note.linuxassembly;
    and <quote>Assembly Language Related Web Sites</quote>.
    &note.raymoon.assembly;
  </simpara>

  <simplesect>
    <title>alpha</title>

    <simplelist>
      <member
	>Introduction to Alpha &note.alpha.intro;
      </member><member
	>Alpha Assembly Language Guide &note.alpha.guide;
      </member><member
	>Assembly Language Programmer's Guide 
	&note.alpha.assembly;
      </member> 
    </simplelist>

  </simplesect>
  <simplesect>
    <title>i386</title>

    <simplelist>
      <member
	>Assembly-HOWTO. &note.HOWTO.assembly;
	Description of tools and sites for Linux.
      </member><member
	>FAQ of comp.lang.asm.x86 &note.faq.x86;
      </member><member
	><quote>Robin Miyagi's Linux Programming</quote>
	&note.robin.miyagi; features a tutorial and interesting links.
      </member><member
	><quote>Assembly resources</quote> &note.agner.org;
	covers advanced topics.
      </member><member
	>IA-32 Intel Architecture Software Developer's Manual
	&note.intel.pentium4;
      </member><member
	><quote>The Place on the Net to Learn Assembly Language
	  Programming</quote> &note.webster.assembly;
      </member><member
	>The Art of Assembly Language. 32-bit Linux Edition
	Featuring <acronym>HLA</acronym>. &note.art.of.assembly;
      </member><member
	>X86 Architecture, low-level programming, freeware
	&note.goosee.assembly;
      </member><member
	>Dr. Dobb's Microprocessor Resources &note.dobbs.assembly;
      </member><member
        >FreeBSD Assembly Language Tutorial &note.int80h.org;
      </member> 
    </simplelist>

  </simplesect>
  <simplesect>
    <title>sparc</title>

    <simplelist>
      <member>SPARC Standards Documents Depository
	&note.sparc.standards;</member
      ><member>SPARC Assembly Language Reference Manual
	&note.sun.sparc.assembly;</member
      ><member>A Laboratory Manual for the SPARC
	&note.maccabe.sparc.assembly;</member
      ><member>SPARC technical links &note.eballen1.sparc;</member> 
    </simplelist>

  </simplesect>
</sect2>
<sect2 id="assemblers.and.disassemblers"
  xreflabel="Assemblers and disassemblers">
  <title>Assemblers and disassemblers</title>

  <simpara
    >A debugger lets you see what is going on <quote>inside</quote>
    another program while it executes. 
    <application>gdb</application> can also show a plain disassembly
    of the code, and can do so without executing a single instruction.
    This listing does not include a hex dump of opcodes, however.
    On the other hand pure disassemblers take shortcuts;
    they don't have a complete picture of the target executable.
  </simpara>
  <simpara
    ><application>objdump</application> is part of
    <application>GNU binutils</application>. It is advertised as a
    means to display information from object files. But
    <application>objdump</application> can also work on executables.
    And it provides option <option>--disassemble</option>.
    Since it does not resolve function names in shared libraries it
    cannot fully replace <application>gdb</application>, though.
  </simpara>
  <simpara
    >By default all GNU disassembly tools adhere to the syntax of
    the GNU assembler. Veterans of i386 programming consider this
    style repulsive, however. <application>gdb</application>
    provides statement <literal>set disassembly-flavor intel</literal>
    to lower the contrast. And <application>objdump</application>
    has option <option>-Mintel</option> for similar effect.
    Still I prefer <application>ndisasm</application> &note.nasm; 
    on i386 and will use it where possible. This tool has absolutely
    no understanding of ELF (or any other file format). But for the
    scope of this document this is a feature.
    The calculations necessary to get at the interesting bytes are
    interesting themselves.
  </simpara>
  <simpara
    >In this document input for assemblers (including
    <application>nasm</application>) is stored in <filename>.S</filename>
    files. Traditional <application>cc</application> treat that as
    <quote>assembler code which must be preprocessed by
    <application>cpp</application></quote>.
    This is required on platform alpha where symbolic names for registers
    are not part of the assembly language. Output of disassemblers ends
    up as <filename>.asm</filename>.
  </simpara>

</sect2>
<sect2 id="be.fertile.and.reproduce" xreflabel="Be fertile and reproduce">
  <title>Be fertile and reproduce</title>

  <simpara
    >The primary quality of this document is reproducibility. Every 
    tiny bit of information should be proved by a working example.
    Since I don't trust myself all output files are rebuild for every
    release. All sections titled <quote>Output</quote> are real product
    of source code and shell scripts included in this document.
    Most numbers and calculations are processed by a
    <application>Perl</application> script parsing these output files.
  </simpara>
  <simpara
    >The document itself is written in DocBook,
    &note.sourceforge.docbook; a XML document type definition.
    &note.sgml.overview; Conversion to HTML is the last step of a
    Makefile that builds and runs all examples.
    However, this means that I can't provide one document comparing two
    platforms. Instead I set up everything for conditional compilation.
    I then build one consistent variation of the document on a single
    system.
  </simpara>
  <simpara
    >You are now reading the platform independent part.
    The links below lead to actual examples, and the actual
    story of constantly improving technique.
    This part continues with general topics and larger chunks of
    source code. It is a bit like a huge appendix, since the platform
    parts frequently refer to chapters here.
  </simpara>

</sect2>
<sect2 id="i386.redhat8.0.linux" xreflabel="i386-redhat8.0-linux">
  <title><ulink url="i386-redhat8.0-linux/index.html"
  >i386-redhat8.0-linux</ulink></title>
  <simpara></simpara>

</sect2>
<sect2 id="sparc.debian2.2.linux" xreflabel="sparc-debian2.2-linux">
  <title><ulink url="sparc-debian2.2-linux/index.html"
  >sparc-debian2.2-linux</ulink></title>
  <simpara></simpara>

</sect2>
<sect2 id="sparc.sunos5.9" xreflabel="sparc-sunos5.9">
  <title><ulink url="sparc-sunos5.9/index.html"
  >sparc-sunos5.9</ulink></title>
  <simpara></simpara>

</sect2>
