<epigraph>
  <attribution>J. Gustav White</attribution>
  <simpara
    >One can search the brain with a microscope and not find the mind,
    and can search the stars with a telescope and not find God.</simpara>
</epigraph>

<simpara
  >This is the platform independent part of &yref.scanners;.</simpara>
<simpara
  >After finding an exploitable peculiarity you need to verify
  its existence in a typical population of target executables.
  And then some peculiarities can be used only once. For example
  filling the segment gap on i386 removes the gap.
</simpara>
<simpara
  >In the beginning scanners were written in
  <application>perl</application>.
  <xref linkend="scan.entry.point"/> is the last remnant of that age.
  Unfortunately typical 64-bit platforms provide a
  <application>perl</application> with only 32-bit integers.
  The classic tool for calculations with large numbers is
  <application>bc</application>, a front-end to
  <application>dc</application>.
  But then classic <application>bc</application> on Solaris
  has only limited means of formatting output. I failed to
  write a <application>perl</application> script that writes
  a <application>bc</application> script that writes the output.
  Alternatively a bidirectional pipe opened by
  <citerefentry>
    <refentrytitle>IPC::Open2</refentrytitle>
    <manvolnum>3pm</manvolnum>
  </citerefentry> as described in
  <citerefentry>
    <refentrytitle>perlipc</refentrytitle>
    <manvolnum>1</manvolnum>
  </citerefentry> could be used to do calculations only. I chose a
  straight implementation in C instead, using the framework in
  <xref linkend="dual.use.technology"/>. 
</simpara>

<sect2 id="finding.executables">
  <title>Finding executables</title>

  <simpara
    >We start the chapter by putting together a list of target
    executables. The <quote>big</quote> set consists of system
    files in the usual places like <filename>/bin</filename>. The
    <quote>small</quote> set comprises all infected targets created
    by the examples in this document. These two groups are further
    divided into statically or dynamically linked.
  </simpara>
  <simpara
    >At the core of the following script is a combination of
    <application>file</application> and <application>sed</application>.
    The only special argument is the postfix required of target
    file names. A quoted empty string (<literal>""</literal>) accepts
    all files in target directories. The other typical value is
    <literal>"_infected"</literal>. This postfix is used by all
    examples in this document.
  </simpara>
  <simpara
    ><application>GNU find</application> and <application>GNU
    xargs</application> provide a nice extension,
    <option>-print0</option> and <option>-0</option>, respectively.
    They are also available on FreeBSD. Another interesting option
    of <application>GNU xargs</application>, <option>-r</option>, has
    not made it to FreeBSD, though. Obviously we can't use any of this.
  </simpara>
  <simpara
    >In this script <application>sed</application> does not write
    all output to <literal>stdout</literal>. Command <quote>w</quote>
    is used to write lines matching different patterns to different
    files. Since the file name is an argument to
    <filename>find-exec.sh</filename> the <application>sed</application>
    script has to be created inline. However, the syntax rules
    of <application>sed</application> require consecutive commands
    of a block to be separated by a line feed. And in a shell script
    single quotes are required to preserve line feeds in command lines.
    All together this results in a strange sequence of different
    quotes. The <literal>TEVWH_</literal> variables are shown
    in &yref.variables.prefixed.with.tevwh;. Output and a sample from
    <application>file</application> are at &yref.finding.executables;.
  </simpara>

  <formalpara>
    <title>Source: src/scanner/find-exec.sh</title>
    <para>
      <programlisting><inlinemediaobject><imageobject><imagedata
        format="linespecific"
        fileref="../src/scanner/find-exec.sh"
      /></imageobject></inlinemediaobject></programlisting
    ></para>
  </formalpara>

</sect2>
<sect2 id="driver.scripts">
  <title>Driver scripts</title>

  <simpara
    >The first kind of scanner parses the output of
    <application>objdump</application>. Since this output contains the
    file name of targets we can call <application>objdump</application>
    with multiple arguments (through <application>xargs</application>).
    <xref linkend="scan.entry.point"/> is now the only species of this
    kind.
  </simpara>

  <formalpara>
    <title>Source: src/scanner/objdump.sh</title>
    <para>
      <programlisting><inlinemediaobject><imageobject><imagedata
        format="linespecific"
        fileref="../src/scanner/objdump.sh"
      /></imageobject></inlinemediaobject></programlisting
    ></para>
  </formalpara>

  <simpara
    >The second kind of scanners reads a plain list of target file
    names from <literal>stdin</literal>.
  </simpara>

  <formalpara>
    <title>Source: src/scanner/plain.sh</title>
    <para>
      <programlisting><inlinemediaobject><imageobject><imagedata
        format="linespecific"
        fileref="../src/scanner/plain.sh"
      /></imageobject></inlinemediaobject></programlisting
    ></para>
  </formalpara>


</sect2>
<sect2 id="scan.entry.point" xreflabel="Scan entry point">
  <title>Scan entry point</title>

  <simpara
    >This script reads the output of <application>objdump</application>.
    For each file the start of section <literal>.text</literal>
    should equal the entry point. This can be implemented through a
    simple string comparison, i.e. by checking hexadecimal digits one
    by one. See &yref.sections; for an illustrative description
    based on a dumped <acronym>ELF</acronym> header.
  </simpara>

  <formalpara>
    <title>Source: src/scanner/entry_point/objdump.pl</title>
    <para>
      <programlisting><inlinemediaobject><imageobject><imagedata
        format="linespecific"
        fileref="../src/scanner/entry_point/objdump.pl"
      /></imageobject></inlinemediaobject></programlisting
    ></para>
  </formalpara>

</sect2>
<sect2 id="scan.segments" xreflabel="Scan segments">
  <title>Scan segments</title>

  <simplesect id="target.action.2" xreflabel="target_action #2">
    <title>target_action #2</title>

    <simpara
      >This is a scanner to verify the existence of the gap used in
      <xref linkend="segment.padding"/>. The output at &yref.scanners;
      is ambiguous. We can positively tell whether the gap exists or
      not. But we cannot say whether the gap never existed or is
      indeed occupied by an infection.
      On platforms other than i386 alignment is larger than page size.
      It is possible that a small infection taking just one page
      affects a single target more than once and still leaves a gap
      larger than the segment alignment. These cases go undetected
      by this script.
    </simpara>
    <simpara
      >Anyway, <literal>det_page</literal> is the number of files
      detected to have a gap smaller equal one page (no further infection
      possible). <literal>det_align</literal> is the number of files
      where the gap is smaller than segment alignment (probably infected).
      Obviously these criteria overlap.
    </simpara>

    <formalpara>
      <title>Source: src/scanner/segment_padding/action.inc</title>
      <para>
	<programlisting><inlinemediaobject><imageobject><imagedata
	  format="linespecific"
	  fileref="../src/scanner/segment_padding/action.inc"
	/></imageobject></inlinemediaobject></programlisting>
      </para>
    </formalpara>

  </simplesect>
  <simplesect id="print.summary.2" xreflabel="print_summary #2">
    <title>print_summary #2 (segments)</title>

    <simpara>Outputs the statistics of
      <xref linkend="target.action.2"/>.</simpara>

    <formalpara>
      <title>Source: src/scanner/segment_padding/print_summary.inc</title>
      <para>
	<programlisting><inlinemediaobject><imageobject><imagedata
	  format="linespecific"
	  fileref="../src/scanner/segment_padding/print_summary.inc"
	/></imageobject></inlinemediaobject></programlisting>
      </para>
    </formalpara>

  </simplesect>
</sect2>
<sect2 id="food.for.segment.padding" xreflabel="Food for segment padding">
  <title>Food for segment padding</title>

  <simpara
    >The obvious way to test an infected shell is a shell script.
    By calling other infected executables from this script we can
    test a whole set in one go. Apart from the shell this means one
    statically and one dynamically linked file. But then we can't
    just start any program on chance. For demonstration purposes
    it would be nice if targets could print a short message, e.g.
    a version number. We start with a list of known command lines.
  </simpara>
  <formalpara>
    <title>Data: src/scanner/mkinfect.lst</title>
    <para>
      <programlisting><inlinemediaobject><imageobject><imagedata
        format="linespecific"
        fileref="../src/scanner/mkinfect.lst"
      /></imageobject></inlinemediaobject></programlisting>
    </para>
  </formalpara>

  <simpara
    >After some pre-processing this list can be used with
    <command>grep <option>-f</option></command> to search target lists
    for known command lines.
    A perfect test set consists of three targets from three
    sources, <filename>find-shell</filename>,
    <filename>big.dynamic.ok</filename>,
    <filename>big.static.ok</filename>.
    If no infectable shell is found we can take the standard shell
    to drive the test script. In that case the two other target
    source can fill up any remaining space. The relative order in
    these lists shall be maintained. And of course working on
    duplicates is disgraceful.
  </simpara>
  <simpara
    ><command>grep <option>-v</option> <option>-f</option></command>
    can weed out duplicates. But we need to watch out for the special
    case of an empty pattern file, e.g. by checking with
    <command>test <option>-s</option></command>.
    If the argument to <command>grep <option>-f</option></command> is
    an empty file then this matches all lines. Together with
    <option>-v</option> this rejects all lines.
  </simpara>
  <simpara
    >All together the performance is rather bad, especially since
    <application>grep</application> will repeatedly process the
    same input. An implementation in <application>perl</application>
    can store all intermediate results in memory and beats all shell
    based solutions by far.
  </simpara>

  <formalpara>
    <title>Source: src/scanner/mkinfect.pl</title>
    <para>
      <programlisting><inlinemediaobject><imageobject><imagedata
        format="linespecific"
        fileref="../src/scanner/mkinfect.pl"
      /></imageobject></inlinemediaobject></programlisting>
    </para>
  </formalpara>

  <simpara>Output is at &yref.food.for.segment.padding;.</simpara>
    
</sect2>
<sect2 id="scan.filesize" xreflabel="Scan file size">
  <title>Scan file size</title>

  <simplesect id="target.action.3" xreflabel="target_action #3">
    <title>target_action #3</title>

    <formalpara>
      <title>Source: src/scanner/filesize/action.inc</title>
      <para>
	<programlisting><inlinemediaobject><imageobject><imagedata
	  format="linespecific"
	  fileref="../src/scanner/filesize/action.inc"
	/></imageobject></inlinemediaobject></programlisting>
      </para>
    </formalpara>

  </simplesect>
  <simplesect id="print.summary.3" xreflabel="print_summary #3">
    <title>print_summary #3 (file size)</title>

    <simpara>Outputs the statistics of
      <xref linkend="target.action.3"/>.</simpara>

    <formalpara>
      <title>Source: src/scanner/filesize/print_summary.inc</title>
      <para>
	<programlisting><inlinemediaobject><imageobject><imagedata
	  format="linespecific"
	  fileref="../src/scanner/filesize/print_summary.inc"
	/></imageobject></inlinemediaobject></programlisting>
      </para>
    </formalpara>

  </simplesect>
</sect2>
