<epigraph>
  <attribution>Carl Sagan, Cosmos</attribution>
  <simpara><quote>In order to make an apple pie from scratch,
    you must first create the universe.</quote></simpara>
</epigraph>

<simpara
  >This chapter is an incoherent collection of platform independent
  items that found no other place.
</simpara>

<sect2 id="objdump.format.pl">
  <title>objdump_format.pl</title>

  <simpara>Used at &yref.objdump.d;.</simpara> 
  <simpara
    >Note that the strings <literal>${TEVWH_ASM_COMMENT}</literal>
    and <literal>${TEVWH_ASM_RETURN}</literal> are substituted by
    a <application>sed</application> script.
    <application>perl</application> never sees the
    <quote><literal>${</literal></quote>. See &yref.packages;
    for details and actual values.
  </simpara>
  <simpara
    ><literal>TEVWH_ASM_RETURN</literal> is a regular expression in 
    <application>perl</application> syntax.
    Unfortunately plain <application>sed</application> on FreeBSD 4.7
    has no <quote>\|</quote> or anything equivalent while option
    <option>-E</option> switches to modern regular expressions
    with incompatible syntax.
    The matter is further complicated by branch delay slots.
    On Sparc the instruction following a <literal>ret</literal>
    is executed while the jump is under way. A typical instruction
    to put there is <literal>restore</literal>. But triggering on
    that is not a clean solution.
  </simpara>

  <formalpara>
    <title>Source: src/magic_elf/objdump_format.pl</title>
    <para>
      <programlisting><inlinemediaobject><imageobject><imagedata
	format="linespecific"
	fileref="../src/magic_elf/objdump_format.pl"
      /></imageobject></inlinemediaobject></programlisting>
    </para>
  </formalpara>

</sect2>
<sect2 id="gdb.format.pl">
  <title>gdb_format.pl</title>

  <simpara>Used at &yref.GDB.to.the.rescue; and
    &yref.entry.point;.</simpara> 
  <formalpara>
    <title>Source: src/magic_elf/gdb_format.pl</title>
    <para>
      <programlisting><inlinemediaobject><imageobject><imagedata
        format="linespecific"
        fileref="../src/magic_elf/gdb_format.pl"
      /></imageobject></inlinemediaobject></programlisting>
    </para>
  </formalpara>

</sect2>
<sect2  id="offset.of.e_entry" xreflabel="Offset of e_entry">
  <title>Offset of e_entry</title>

  <simpara
    >Output is at &yref.offset.of.e_entry;.
    &yref.variables.prefixed.with.tevwh; might also be interesting.
  </simpara>

  <formalpara>
    <title>Source: src/evil_magic/ofs_entry.c</title>
    <para>
      <programlisting><inlinemediaobject><imageobject><imagedata
	format="linespecific"
	fileref="../src/evil_magic/ofs_entry.c"
      /></imageobject></inlinemediaobject></programlisting>
    </para>
  </formalpara>

</sect2>
<sect2 id="e_entry" xreflabel="Extracting e_entry">
  <title>Extracting e_entry</title>

  <simpara>Described at &yref.e_entry;, used at
    &yref.entry.point;.</simpara>
  <formalpara>
    <title>Source: src/evil_magic/e_entry.c</title>
    <para>
      <programlisting><inlinemediaobject><imageobject><imagedata
        format="linespecific"
        fileref="../src/evil_magic/e_entry.c"
      /></imageobject></inlinemediaobject></programlisting>
    </para>
  </formalpara>

</sect2>
<sect2 id="dressing.up.binary.code" xreflabel="Dressing up binary code">
  <title>Dressing up binary code</title>

  <simpara
    >Used at &yref.devil.in.disguise; to convert binary files into
    valid C code, i.e. the definition of a byte array.
    This started as small filter written in
    <application>perl</application>, but now it has a lot of features.
    We need to process the output of both
    <application>ndisasm</application> and
    <application>objdump</application>, on multiple platforms.
    Examples for valid input (i386, sparc, alpha):
  </simpara>
  <programlisting><inlinemediaobject><imageobject><imagedata
    fileref="../intro/example.asm.txt"
    format="linespecific"
  /></imageobject></inlinemediaobject></programlisting>
  <simpara
    >The <literal>__attribute__</literal> clause is explained in
    &yref.a.section.called.text;.
  </simpara>
  <simpara
    >Initializing the array with string literals (looking like
    <literal>\xDE\xAD\xBE\xEF</literal>) is easier. The terminating
    zero would not work with &yref.doing.it.in.c;, however.
    But then using a list of hexadecimal numbers introduces
    separating comas, requiring special treatment of the last line.
  </simpara>
  <simpara
    >If command line option <option>-last_line_is_ofs</option>
    is passed to the program then the last line of disassembly
    is meant to specify a offset into the code.
    Actually it's just the last byte of that line.
    You are free to use any dummy operation, see the example input above.
    A real world example is at &yref.infection.1;.
    The last instruction itself is not emitted to the byte array.
    Instead enum constant <literal>ENTRY_POINT_OFS</literal> is defined.
  </simpara>

  <formalpara>
    <title>Source: src/platform/disasm.pl</title>
    <para>
      <programlisting><inlinemediaobject><imageobject><imagedata
        format="linespecific"
        fileref="../src/platform/disasm.pl"
      /></imageobject></inlinemediaobject></programlisting>
    </para>
  </formalpara>

</sect2>
<sect2 id="self.modifying.code" xreflabel="Self modifying code">
  <title>Self modifying code</title>

  <simpara>This is the platform independent part of
    &yref.self.modifying.code;.</simpara>

  <formalpara>
    <title>Source: src/evil_magic/self_modify.c</title>
    <para>
      <programlisting><inlinemediaobject><imageobject><imagedata
        format="linespecific"
        fileref="../src/evil_magic/self_modify.c"
      /></imageobject></inlinemediaobject></programlisting>
    </para>
  </formalpara>

</sect2>
