<epigraph>
  <attribution>Michael Bond, creator of <quote>Paddington Bear</quote>,
    on receiving an OBE</attribution>
  <simpara
    >I am extremely surprised and pleased. I'm surprised because as far
    as I am concerned I have always done what I wanted to do and followed
    my own way. Really, the honor has as much to do with Paddington as
    myself.
  </simpara>
</epigraph>

<simpara
  >This infection method got a lot of press under the name
  <xref linkend="rst"/>. It is based on a peculiarity described in the
  platform specific part, &yref.segment.padding;. On i386 its future is
  bleak. It seems that the gap is being actively closed. On Slackware
  8.1 and Red Hat 8.0 <filename>/bin/bash</filename> is not vulnerable
  anymore. On other platforms the gap is much larger and will probably
  remain.
</simpara>

<table frame="none" pgwide="1">
  <title>Platform specific defaults of ELF</title>
  &xml.elf.defaults;
</table>

<simpara
  ><literal>_SC_PAGESIZE</literal> is a hardware constant and nothing
  a compiler can choose. On the other hand column
  <quote>Alignment</quote> varies from challengingly tiny
  to exceedingly large. A quote from the <acronym>ELF</acronym>
  specification (values are specific to i386):
  <footnoteref linkend="note.elf.specification"/>
</simpara>

<blockquote><simpara
  >[&hellip;] executable and shared object files must have
  segment images whose file offsets and virtual addresses are
  congruent, modulo the page size.
  Virtual addresses and file offsets for the SYSTEM V architecture
  segments are congruent modulo 4 KB (0x1000) or larger powers of 2.
  Because 4 KB is the maximum page size, the files will be suitable
  for paging regardless of physical page size. [&hellip;]
</simpara></blockquote>

<simpara
  >This means that for every segment the last three hexadecimal digits
  of <literal>Offset</literal> equal the last three hexadecimal digits
  of <literal>VirtAddr</literal> in every healthy output of
  <application>readelf</application> and
  <application>objdump</application>.
  So unless we change <literal>VirtAddr</literal> as well -
  which means enormous trouble like relocation of every access to a
  global variable - we are stuck with allocating memory in chunks of
  <literal>_SC_PAGESIZE</literal>.
</simpara>

<sect2 id="SC.PAGESIZE" xreflabel="_SC_PAGESIZE">
  <title>_SC_PAGESIZE</title>

  <simpara
    ><citerefentry>
      <refentrytitle>getpagesize</refentrytitle>
      <manvolnum>2</manvolnum>
    </citerefentry> sounds like the obvious way to retrieve this value.
    But not all systems have it, and modern standards prefer
    <citerefentry>
      <refentrytitle>sysconf</refentrytitle>
      <manvolnum>3</manvolnum>
    </citerefentry> instead.
  </simpara>

  <formalpara>
    <title>Source: src/segment_padding/sysconf.c</title>
    <para>
      <programlisting><inlinemediaobject><imageobject><imagedata
	format="linespecific"
	fileref="../src/segment_padding/sysconf.c"
      /></imageobject></inlinemediaobject></programlisting>
    </para>
  </formalpara>

  <simpara
    >Obviously the output is platform dependent, see &yref.segment.padding;.
    The lesson to learn is that Using free space resulting from alignment
    is problematic on i386 but comfortable on other platforms.
  </simpara>

  <!--
    <xref linkend="scan.segments"/> is used to verify the existence of
    this gap. The output of that is again at &yref.segment.padding;.
  -->

</sect2>
<sect2 id="the.plan" xreflabel="The plan">
  <title>The plan</title>

  <procedure>
    <step>
      <simpara>
        Insert our code between code segment and data segment.
      </simpara>
    </step>
    <step>
      <simpara>
	Modify inserted code to jump to original entry point afterwards.
      </simpara>
    </step>
    <step>
      <simpara>
	Change entry point to start of our code.
      </simpara>
    </step>
    <step>
      <simpara>Modify program header</simpara>
      <substeps>
	<step>
	  <simpara>
	    Include increased amount of code in entry of code segment.
	  </simpara>
	</step>
	<step>
	  <simpara>
            Move all following entries down the file.
	  </simpara>
	</step>
      </substeps>
    </step>
    <step>
      <simpara>Modify section header</simpara>
      <substeps>
	<step>
	  <simpara>
	    Include trailing code in last section of code segment
	    (should be <literal>.rodata</literal>).
	  </simpara>
	</step>
	<step>
	  <simpara>
	    Move all following sections down the file.
	  </simpara>
	</step>
      </substeps>
    </step>
  </procedure>

  <para>
    This setup has a few problems.
    <itemizedlist>
      <listitem><simpara>
	Storage can be acquired only in multiples of
	<literal>_SC_PAGESIZE</literal>. This makes the increment in file
	size of the target quite noticeable.
      </simpara></listitem><listitem><simpara>
	Code size is limited. On i386 the segment alignment equals
	the page size, so we rely on a the existence of a strange
	extra gap to get a maximum of one page.
	On other platforms the alignment is much larger, so we
	have a good chance to get at least one page even without
	the extra gap.
      </simpara></listitem><listitem><simpara>
	Maximum code size is further restricted by code alignment.
	The i386 and descendants can execute misaligned code,
	though with a performance penalty; and this can be
	detected at run time by the operating system.
	Other hardware does not allow it at all.
      </simpara></listitem><listitem><simpara>
	On i386 infected executables will be detected by
	<xref linkend="scan.segments"/>. Unfortunately this crude method
	cannot tell whether the gap was never there or is really occupied
	by an infection.
      </simpara></listitem>
    </itemizedlist>
  </para>

</sect2>
<sect2 id="target.new.entry.addr.1" xreflabel="target_new_entry_addr #1">
  <title>target_new_entry_addr #1</title>

  <formalpara>
    <title>Source: src/segment_padding/new_entry_addr.inc</title>
    <para>
      <programlisting><inlinemediaobject><imageobject><imagedata
        format="linespecific"
        fileref="../src/segment_padding/new_entry_addr.inc"
      /></imageobject></inlinemediaobject></programlisting>
    </para>
  </formalpara>

</sect2>
<sect2 id="target.patch.phdr.1" xreflabel="target_patch_phdr #1">
  <title>target_patch_phdr #1</title>

  <formalpara>
    <title>Source: src/segment_padding/patch_phdr.inc</title>
    <para>
      <programlisting><inlinemediaobject><imageobject><imagedata
        format="linespecific"
        fileref="../src/segment_padding/patch_phdr.inc"
      /></imageobject></inlinemediaobject></programlisting>
    </para>
  </formalpara>

</sect2>
<sect2 id="target.patch.shdr.1" xreflabel="target_patch_shdr #1">
  <title>target_patch_shdr #1</title>

  <formalpara>
    <title>Source: src/segment_padding/patch_shdr.inc</title>
    <para>
      <programlisting><inlinemediaobject><imageobject><imagedata
        format="linespecific"
        fileref="../src/segment_padding/patch_shdr.inc"
      /></imageobject></inlinemediaobject></programlisting>
    </para>
  </formalpara>

</sect2>
<sect2 id="target.copy.and.infect.1" xreflabel="target_copy_and_infect #1">
  <title>target_copy_and_infect #1</title>

  <formalpara>
    <title>Source: src/segment_padding/copy_and_infect.inc</title>
    <para>
      <programlisting><inlinemediaobject><imageobject><imagedata
        format="linespecific"
        fileref="../src/segment_padding/copy_and_infect.inc"
      /></imageobject></inlinemediaobject></programlisting>
    </para>
  </formalpara>

</sect2>
