There are two man pages giving some overview of system calls,
<citerefentry>
  <refentrytitle>intro</refentrytitle>
  <manvolnum>2</manvolnum>
</citerefentry>
and
<citerefentry>
  <refentrytitle>syscalls</refentrytitle>
  <manvolnum>2</manvolnum>
</citerefentry>.
<filename>/usr/include/unistd.h</filename> declares a traditional
general purpose interface called <function>syscall</function>.
Not all &config.UNAME; system have man page
<citerefentry>
  <refentrytitle>syscall</refentrytitle>
  <manvolnum>2</manvolnum>
</citerefentry>, though.
Anyway, the statement <literal>&xml.magic.revealed.syscall.asm;</literal>
corresponds to the value of <literal>__NR_write</literal> in
<filename>/usr/include/asm/unistd.h</filename>.
