<simpara
  >While most Linux distributions ship with slightly modified kernels,
  no vendor has ever dared to mess with the values returned by
  <citerefentry>
    <refentrytitle>uname</refentrytitle>
    <manvolnum>2</manvolnum>
  </citerefentry>.
  Instead the tradition of distribution dependent text files in directory
  <filename>/etc</filename> was established.
</simpara>

<formalpara>
  <title>Command: &config.PRE;/packages/distid.sh</title>
  <para>
    <programlisting><inlinemediaobject><imageobject><imagedata
      format="linespecific"
      fileref="../../&config.PRE;/packages/distid.sh"
    /></imageobject></inlinemediaobject></programlisting>
  </para> 
</formalpara> 
<formalpara>
  <title>Output: &config.OUT;/packages/distid</title>
  <para>
    <programlisting><inlinemediaobject><imageobject><imagedata
      format="linespecific"
      fileref="../../&config.OUT;/packages/distid"
    /></imageobject></inlinemediaobject></programlisting>
  </para> 
</formalpara> 

