<formalpara>
  <title>Command: &config.PRE;/packages/SunOS/isainfo.sh</title>
  <para>
    <programlisting><inlinemediaobject><imageobject><imagedata
      format="linespecific"
      fileref="../../&config.PRE;/packages/SunOS/isainfo.sh"
    /></imageobject></inlinemediaobject></programlisting>
  </para> 
</formalpara> 
<formalpara>
  <title>Output: &config.OUT;/packages/SunOS/isainfo</title>
  <para>
    <programlisting><inlinemediaobject><imageobject><imagedata
      format="linespecific"
      fileref="../../&config.OUT;/packages/SunOS/isainfo"
    /></imageobject></inlinemediaobject></programlisting>
  </para> 
</formalpara> 
