<simpara>Solaris features another interesting tool.</simpara>
<formalpara>
  <title>Command: &config.PRE;/packages/SunOS/isalist.sh</title>
  <para>
    <programlisting><inlinemediaobject><imageobject><imagedata
      format="linespecific"
      fileref="../../&config.PRE;/packages/SunOS/isalist.sh"
    /></imageobject></inlinemediaobject></programlisting>
  </para> 
</formalpara> 
<formalpara>
  <title>Output: &config.OUT;/packages/SunOS/isalist</title>
  <para>
    <programlisting><inlinemediaobject><imageobject><imagedata
      format="linespecific"
      fileref="../../&config.OUT;/packages/SunOS/isalist"
    /></imageobject></inlinemediaobject></programlisting>
  </para> 
</formalpara> 
