<simpara
  >The classic tool for conversion from hex to decimal is
  <application>bc</application>, a front end to
  <application>dc</application>.
  <application>dc</application> itself lacks standardized commands
  for nice output. Command <literal>n</literal> is a rather recent
  GNU extension and not available on
  <application>bc-1.04-39</application> shipped with SuSE Linux 6.0.
</simpara>
<formalpara>
  <title>Command: &config.PRE;/magic_elf/other_mem.sh</title>
  <para>
    <programlisting><inlinemediaobject><imageobject><imagedata
      format="linespecific"
      fileref="../../&config.PRE;/magic_elf/other_mem.sh"
    /></imageobject></inlinemediaobject></programlisting>
  </para>
</formalpara>
<formalpara>
  <title>Output: &config.OUT;/magic_elf/other_mem</title>
  <para>
    <programlisting><inlinemediaobject><imageobject><imagedata
      format="linespecific"
      fileref="../../&config.OUT;/magic_elf/other_mem"
    /></imageobject></inlinemediaobject></programlisting>
  </para>
</formalpara>
